"","Sex","Age","Debt","Married","BankCustomer","EducationLevel","Ethicity","Years_employed","PriorDefault","Employed","CreditScore","Driverslicense","Citizen","Zipcode","Income","class"
"661","b",29.83,3.5,"u","BankCustomer_g","EducationLevel_c","Ethicity_v",0.165,"PriorDefault_f","Employed_f",0,"Driverslicense_f","Citizen_g",216,0,"-"
"594","b",38.67,0.21,"u","BankCustomer_g","EducationLevel_k","Ethicity_v",0.085,"PriorDefault_t","Employed_f",0,"Driverslicense_t","Citizen_g",280,0,"+"
"11","b",29.92,1.835,"u","BankCustomer_g","EducationLevel_c","Ethicity_h",4.335,"PriorDefault_t","Employed_f",0,"Driverslicense_f","Citizen_g",260,200,"+"
"81","a",27.67,1.5,"u","BankCustomer_g","EducationLevel_m","Ethicity_v",2,"PriorDefault_t","Employed_f",0,"Driverslicense_f","Citizen_s",368,0,"-"
"208","b",35.17,2.5,"u","BankCustomer_g","EducationLevel_k","Ethicity_v",4.5,"PriorDefault_t","Employed_t",7,"Driverslicense_f","Citizen_g",150,1270,"+"
"7","a",22.92,11.585,"u","BankCustomer_g","EducationLevel_cc","Ethicity_v",0.04,"PriorDefault_t","Employed_f",0,"Driverslicense_f","Citizen_g",80,1349,"+"
"16","b",28.25,0.875,"u","BankCustomer_g","EducationLevel_m","Ethicity_v",0.96,"PriorDefault_t","Employed_t",3,"Driverslicense_t","Citizen_g",396,0,"+"
"667","a",17.92,0.54,"u","BankCustomer_g","EducationLevel_c","Ethicity_v",1.75,"PriorDefault_f","Employed_t",1,"Driverslicense_t","Citizen_g",80,5,"-"
"624","b",21.58,0.79,"y","BankCustomer_p","EducationLevel_cc","Ethicity_v",0.665,"PriorDefault_f","Employed_f",0,"Driverslicense_f","Citizen_g",160,0,"-"
"69","b",35.17,25.125,"u","BankCustomer_g","EducationLevel_x","Ethicity_h",1.625,"PriorDefault_t","Employed_t",1,"Driverslicense_t","Citizen_g",515,500,"+"
"54","b",34.25,3,"u","BankCustomer_g","EducationLevel_cc","Ethicity_h",7.415,"PriorDefault_t","Employed_f",0,"Driverslicense_t","Citizen_g",0,0,"+"
"617","b",32.25,14,"y","BankCustomer_p","EducationLevel_ff","Ethicity_ff",0,"PriorDefault_f","Employed_t",2,"Driverslicense_f","Citizen_g",160,1,"-"
"163","b",32,1.75,"y","BankCustomer_p","EducationLevel_e","Ethicity_h",0.04,"PriorDefault_t","Employed_f",0,"Driverslicense_t","Citizen_g",393,0,"+"
"162","b",25.08,1.71,"u","BankCustomer_g","EducationLevel_x","Ethicity_v",1.665,"PriorDefault_t","Employed_t",1,"Driverslicense_t","Citizen_g",395,20,"+"
"541","b",42.75,3,"u","BankCustomer_g","EducationLevel_i","Ethicity_bb",1,"PriorDefault_t","Employed_f",0,"Driverslicense_f","Citizen_g",0,200,"-"
"396","b",29.83,2.04,"y","BankCustomer_p","EducationLevel_x","Ethicity_h",0.04,"PriorDefault_f","Employed_f",0,"Driverslicense_f","Citizen_g",128,1,"-"
"1","a",58.67,4.46,"u","BankCustomer_g","EducationLevel_q","Ethicity_h",3.04,"PriorDefault_t","Employed_t",6,"Driverslicense_f","Citizen_g",43,560,"+"
"328","b",34.83,2.5,"y","BankCustomer_p","EducationLevel_w","Ethicity_v",3,"PriorDefault_f","Employed_f",0,"Driverslicense_f","Citizen_s",200,0,"-"
"470","a",21.92,11.665,"u","BankCustomer_g","EducationLevel_k","Ethicity_h",0.085,"PriorDefault_f","Employed_f",0,"Driverslicense_f","Citizen_g",320,5,"-"
"536","a",24.92,1.25,"u","BankCustomer_g","EducationLevel_ff","Ethicity_ff",0,"PriorDefault_t","Employed_f",0,"Driverslicense_f","Citizen_g",80,0,"-"
"161","b",44,2,"u","BankCustomer_g","EducationLevel_m","Ethicity_v",1.75,"PriorDefault_t","Employed_t",2,"Driverslicense_t","Citizen_g",0,15,"+"
"476","b",23.58,0.835,"u","BankCustomer_g","EducationLevel_i","Ethicity_h",0.085,"PriorDefault_f","Employed_f",0,"Driverslicense_t","Citizen_g",220,5,"-"
"92","b",31.6297058823529,5,"y","BankCustomer_p","EducationLevel_aa","Ethicity_v",8.5,"PriorDefault_t","Employed_f",0,"Driverslicense_f","Citizen_g",0,0,"-"
"275","b",18.58,5.71,"u","BankCustomer_g","EducationLevel_d","Ethicity_v",0.54,"PriorDefault_f","Employed_f",0,"Driverslicense_f","Citizen_g",120,0,"-"
"552","b",34.75,15,"u","BankCustomer_g","EducationLevel_r","Ethicity_n",5.375,"PriorDefault_t","Employed_t",9,"Driverslicense_t","Citizen_g",0,134,"+"
"573","a",65.17,14,"u","BankCustomer_g","EducationLevel_ff","Ethicity_ff",0,"PriorDefault_t","Employed_t",11,"Driverslicense_t","Citizen_g",0,1400,"+"
"313","a",18.58,10,"u","BankCustomer_g","EducationLevel_d","Ethicity_v",0.415,"PriorDefault_f","Employed_f",0,"Driverslicense_f","Citizen_g",80,42,"-"
"620","b",22.17,2.25,"u","BankCustomer_g","EducationLevel_i","Ethicity_v",0.125,"PriorDefault_f","Employed_f",0,"Driverslicense_f","Citizen_g",160,10,"-"
"502","a",64.08,0.165,"u","BankCustomer_g","EducationLevel_ff","Ethicity_ff",0,"PriorDefault_t","Employed_t",1,"Driverslicense_f","Citizen_g",232,100,"+"
"219","a",18.92,9.25,"y","BankCustomer_p","EducationLevel_c","Ethicity_v",1,"PriorDefault_t","Employed_t",4,"Driverslicense_t","Citizen_g",80,500,"+"
"680","b",19.5,0.29,"u","BankCustomer_g","EducationLevel_k","Ethicity_v",0.29,"PriorDefault_f","Employed_f",0,"Driverslicense_f","Citizen_g",280,364,"-"
"376","b",28.67,14.5,"u","BankCustomer_g","EducationLevel_d","Ethicity_v",0.125,"PriorDefault_f","Employed_f",0,"Driverslicense_f","Citizen_g",0,286,"-"
"287","b",29.5,0.58,"u","BankCustomer_g","EducationLevel_w","Ethicity_v",0.29,"PriorDefault_f","Employed_t",1,"Driverslicense_f","Citizen_g",340,2803,"-"
"397","a",23.58,0.585,"y","BankCustomer_p","EducationLevel_ff","Ethicity_ff",0.125,"PriorDefault_f","Employed_f",0,"Driverslicense_f","Citizen_g",120,87,"-"
"88","b",34,4.5,"u","BankCustomer_g","EducationLevel_aa","Ethicity_v",1,"PriorDefault_t","Employed_f",0,"Driverslicense_t","Citizen_g",240,0,"-"
"309","a",31.75,3,"y","BankCustomer_p","EducationLevel_j","Ethicity_j",0,"PriorDefault_f","Employed_f",0,"Driverslicense_f","Citizen_g",160,20,"-"
"45","b",54.33,6.75,"u","BankCustomer_g","EducationLevel_c","Ethicity_h",2.625,"PriorDefault_t","Employed_t",11,"Driverslicense_t","Citizen_g",0,284,"+"
"26","a",47,13,"u","BankCustomer_g","EducationLevel_i","Ethicity_bb",5.165,"PriorDefault_t","Employed_t",9,"Driverslicense_t","Citizen_g",0,0,"+"
"539","b",80.25,5.5,"u","BankCustomer_g","EducationLevel_c","Ethicity_v",0.54,"PriorDefault_t","Employed_f",0,"Driverslicense_f","Citizen_g",0,340,"-"
"487","b",24.5,13.335,"y","BankCustomer_p","EducationLevel_aa","Ethicity_v",0.04,"PriorDefault_f","Employed_f",0,"Driverslicense_t","Citizen_g",120,475,"-"
"569","a",35.75,0.915,"u","BankCustomer_g","EducationLevel_aa","Ethicity_v",0.75,"PriorDefault_t","Employed_t",4,"Driverslicense_f","Citizen_g",0,1583,"+"
"598","b",20.08,0.125,"u","BankCustomer_g","EducationLevel_q","Ethicity_v",1,"PriorDefault_f","Employed_t",1,"Driverslicense_f","Citizen_g",240,768,"+"
"101","b",35.25,16.5,"y","BankCustomer_p","EducationLevel_c","Ethicity_v",4,"PriorDefault_t","Employed_f",0,"Driverslicense_f","Citizen_g",80,0,"-"
"568","b",43.08,0.375,"y","BankCustomer_p","EducationLevel_c","Ethicity_v",0.375,"PriorDefault_t","Employed_t",8,"Driverslicense_t","Citizen_g",300,162,"+"
"557","a",32.17,1.46,"u","BankCustomer_g","EducationLevel_w","Ethicity_v",1.085,"PriorDefault_t","Employed_t",16,"Driverslicense_f","Citizen_g",120,2079,"+"
"159","b",34.08,0.08,"y","BankCustomer_p","EducationLevel_m","Ethicity_bb",0.04,"PriorDefault_t","Employed_t",1,"Driverslicense_t","Citizen_g",280,2000,"+"
"380","b",43.17,5,"u","BankCustomer_g","EducationLevel_i","Ethicity_bb",2.25,"PriorDefault_f","Employed_f",0,"Driverslicense_t","Citizen_g",141,0,"-"
"363","b",16.92,0.335,"y","BankCustomer_p","EducationLevel_k","Ethicity_v",0.29,"PriorDefault_f","Employed_f",0,"Driverslicense_f","Citizen_s",200,0,"-"
"402","a",51.92,6.5,"u","BankCustomer_g","EducationLevel_i","Ethicity_bb",3.085,"PriorDefault_f","Employed_f",0,"Driverslicense_t","Citizen_g",73,0,"-"
"61","b",31.67,16.165,"u","BankCustomer_g","EducationLevel_d","Ethicity_v",3,"PriorDefault_t","Employed_t",9,"Driverslicense_f","Citizen_g",250,730,"+"
"381","a",22.67,7,"u","BankCustomer_g","EducationLevel_c","Ethicity_v",0.165,"PriorDefault_f","Employed_f",0,"Driverslicense_f","Citizen_g",160,0,"-"
"280","b",21.17,0.875,"y","BankCustomer_p","EducationLevel_c","Ethicity_h",0.25,"PriorDefault_f","Employed_f",0,"Driverslicense_f","Citizen_g",280,204,"-"
"282","b",17.67,4.46,"u","BankCustomer_g","EducationLevel_c","Ethicity_v",0.25,"PriorDefault_f","Employed_f",0,"Driverslicense_f","Citizen_s",80,0,"-"
"456","b",34.58,0,"u","BankCustomer_g","EducationLevel_c","Ethicity_v",0,"PriorDefault_f","Employed_f",0,"Driverslicense_f","Citizen_p",176.463099630996,0,"-"
"250","b",40.25,21.5,"u","BankCustomer_g","EducationLevel_e","Ethicity_z",20,"PriorDefault_t","Employed_t",11,"Driverslicense_f","Citizen_g",0,1200,"+"
"632","a",38.75,1.5,"u","BankCustomer_g","EducationLevel_ff","Ethicity_ff",0,"PriorDefault_f","Employed_f",0,"Driverslicense_f","Citizen_g",76,0,"-"
"332","b",34.08,2.5,"u","BankCustomer_g","EducationLevel_c","Ethicity_v",1,"PriorDefault_f","Employed_f",0,"Driverslicense_f","Citizen_g",460,16,"-"
"243","a",18.75,7.5,"u","BankCustomer_g","EducationLevel_q","Ethicity_v",2.71,"PriorDefault_t","Employed_t",5,"Driverslicense_f","Citizen_g",176.463099630996,26726,"+"
"25","a",15.83,0.585,"u","BankCustomer_g","EducationLevel_c","Ethicity_h",1.5,"PriorDefault_t","Employed_t",2,"Driverslicense_f","Citizen_g",100,0,"+"
"648","b",25.58,0.335,"u","BankCustomer_g","EducationLevel_k","Ethicity_h",3.5,"PriorDefault_f","Employed_f",0,"Driverslicense_t","Citizen_g",340,0,"-"
"506","a",18.92,9,"u","BankCustomer_g","EducationLevel_aa","Ethicity_v",0.75,"PriorDefault_t","Employed_t",2,"Driverslicense_f","Citizen_g",88,591,"+"
"595","b",25.75,0.75,"u","BankCustomer_g","EducationLevel_c","Ethicity_bb",0.25,"PriorDefault_t","Employed_f",0,"Driverslicense_f","Citizen_g",349,23,"+"
"583","b",32.67,9,"y","BankCustomer_p","EducationLevel_w","Ethicity_h",5.25,"PriorDefault_t","Employed_f",0,"Driverslicense_t","Citizen_g",154,0,"+"
"217","b",55.92,11.5,"u","BankCustomer_g","EducationLevel_ff","Ethicity_ff",5,"PriorDefault_t","Employed_t",5,"Driverslicense_f","Citizen_g",0,8851,"+"
"391","b",39.92,5,"u","BankCustomer_g","EducationLevel_i","Ethicity_bb",0.21,"PriorDefault_f","Employed_f",0,"Driverslicense_f","Citizen_g",550,0,"-"
"191","b",42,0.205,"u","BankCustomer_g","EducationLevel_i","Ethicity_h",5.125,"PriorDefault_t","Employed_f",0,"Driverslicense_f","Citizen_g",400,0,"+"
"169","b",37.5,1.125,"y","BankCustomer_p","EducationLevel_d","Ethicity_v",1.5,"PriorDefault_f","Employed_f",0,"Driverslicense_t","Citizen_g",431,0,"+"
"104","b",27.83,4,"y","BankCustomer_p","EducationLevel_i","Ethicity_h",5.75,"PriorDefault_t","Employed_t",2,"Driverslicense_t","Citizen_g",75,0,"-"
"139","a",26.92,13.5,"u","BankCustomer_g","EducationLevel_q","Ethicity_h",5,"PriorDefault_t","Employed_t",2,"Driverslicense_f","Citizen_g",0,5000,"+"
"133","b",36.25,5,"u","BankCustomer_g","EducationLevel_c","Ethicity_bb",2.5,"PriorDefault_t","Employed_t",6,"Driverslicense_f","Citizen_g",0,367,"+"
"422","b",29.42,1.25,"u","BankCustomer_g","EducationLevel_w","Ethicity_v",1.75,"PriorDefault_f","Employed_f",0,"Driverslicense_f","Citizen_g",200,0,"-"
"74","b",44.83,7,"y","BankCustomer_p","EducationLevel_c","Ethicity_v",1.625,"PriorDefault_f","Employed_f",0,"Driverslicense_f","Citizen_g",160,2,"-"
"457","b",29.67,0.75,"y","BankCustomer_p","EducationLevel_c","Ethicity_v",0.04,"PriorDefault_f","Employed_f",0,"Driverslicense_f","Citizen_g",240,0,"-"
"417","b",23.58,1.79,"u","BankCustomer_g","EducationLevel_c","Ethicity_v",0.54,"PriorDefault_f","Employed_f",0,"Driverslicense_t","Citizen_g",136,1,"-"
"359","a",36.75,4.71,"u","BankCustomer_g","EducationLevel_ff","Ethicity_ff",0,"PriorDefault_f","Employed_f",0,"Driverslicense_f","Citizen_g",160,0,"-"
"53","b",34.92,2.5,"u","BankCustomer_g","EducationLevel_w","Ethicity_v",0,"PriorDefault_t","Employed_f",0,"Driverslicense_t","Citizen_g",239,200,"+"
"656","b",25.67,3.25,"u","BankCustomer_g","EducationLevel_c","Ethicity_h",2.29,"PriorDefault_f","Employed_t",1,"Driverslicense_t","Citizen_g",416,21,"-"
"672","a",50.25,0.835,"u","BankCustomer_g","EducationLevel_aa","Ethicity_v",0.5,"PriorDefault_f","Employed_f",0,"Driverslicense_t","Citizen_g",240,117,"-"
"589","b",25.33,0.58,"u","BankCustomer_g","EducationLevel_c","Ethicity_v",0.29,"PriorDefault_t","Employed_t",7,"Driverslicense_t","Citizen_g",96,5124,"+"
"130","b",67.75,5.5,"u","BankCustomer_g","EducationLevel_e","Ethicity_z",13,"PriorDefault_t","Employed_t",1,"Driverslicense_t","Citizen_g",0,0,"+"
"164","a",60.58,16.5,"u","BankCustomer_g","EducationLevel_q","Ethicity_v",11,"PriorDefault_t","Employed_f",0,"Driverslicense_t","Citizen_g",21,10561,"+"
"450","b",31.6297058823529,3,"y","BankCustomer_p","EducationLevel_i","Ethicity_bb",7,"PriorDefault_f","Employed_f",0,"Driverslicense_f","Citizen_g",0,1,"-"
"596","a",46.08,3,"u","BankCustomer_g","EducationLevel_c","Ethicity_v",2.375,"PriorDefault_t","Employed_t",8,"Driverslicense_t","Citizen_g",396,4159,"+"
"370","b",33,2.5,"y","BankCustomer_p","EducationLevel_w","Ethicity_v",7,"PriorDefault_f","Employed_f",0,"Driverslicense_t","Citizen_g",280,0,"-"
"51","b",26,1,"u","BankCustomer_g","EducationLevel_q","Ethicity_v",1.75,"PriorDefault_t","Employed_f",0,"Driverslicense_t","Citizen_g",280,0,"+"
"236","b",26.17,0.25,"u","BankCustomer_g","EducationLevel_i","Ethicity_bb",0,"PriorDefault_t","Employed_f",0,"Driverslicense_t","Citizen_g",0,0,"+"
"463","a",36.58,0.29,"u","BankCustomer_g","EducationLevel_ff","Ethicity_ff",0,"PriorDefault_f","Employed_t",10,"Driverslicense_f","Citizen_g",200,18,"-"
"567","a",25.17,2.875,"u","BankCustomer_g","EducationLevel_x","Ethicity_h",0.875,"PriorDefault_t","Employed_f",0,"Driverslicense_f","Citizen_g",360,0,"+"
"600","a",29.5,0.46,"u","BankCustomer_g","EducationLevel_k","Ethicity_v",0.54,"PriorDefault_t","Employed_t",4,"Driverslicense_f","Citizen_g",380,500,"+"
"366","a",22.75,6.165,"u","BankCustomer_g","EducationLevel_aa","Ethicity_v",0.165,"PriorDefault_f","Employed_f",0,"Driverslicense_f","Citizen_g",220,1000,"-"
"348","b",63.33,0.54,"u","BankCustomer_g","EducationLevel_c","Ethicity_v",0.585,"PriorDefault_t","Employed_t",3,"Driverslicense_t","Citizen_g",180,0,"-"
"455","b",36.17,18.125,"u","BankCustomer_g","EducationLevel_w","Ethicity_v",0.085,"PriorDefault_f","Employed_f",0,"Driverslicense_f","Citizen_g",320,3552,"-"
"430","b",51.83,3,"y","BankCustomer_p","EducationLevel_ff","Ethicity_ff",1.5,"PriorDefault_f","Employed_f",0,"Driverslicense_f","Citizen_g",180,4,"-"
"333","a",25.25,12.5,"u","BankCustomer_g","EducationLevel_d","Ethicity_v",1,"PriorDefault_f","Employed_f",0,"Driverslicense_t","Citizen_g",180,1062,"-"
"146","b",23.25,1.5,"u","BankCustomer_g","EducationLevel_q","Ethicity_v",2.375,"PriorDefault_t","Employed_t",3,"Driverslicense_t","Citizen_g",0,582,"+"
"635","b",18.17,2.46,"u","BankCustomer_g","EducationLevel_c","Ethicity_n",0.96,"PriorDefault_f","Employed_t",2,"Driverslicense_t","Citizen_g",160,587,"-"
"360","a",30.25,5.5,"u","BankCustomer_g","EducationLevel_k","Ethicity_v",5.5,"PriorDefault_f","Employed_f",0,"Driverslicense_t","Citizen_s",100,0,"-"
"31","b",42,9.79,"u","BankCustomer_g","EducationLevel_x","Ethicity_h",7.96,"PriorDefault_t","Employed_t",8,"Driverslicense_f","Citizen_g",0,0,"+"
"15","b",36.67,4.415,"y","BankCustomer_p","EducationLevel_k","Ethicity_v",0.25,"PriorDefault_t","Employed_t",10,"Driverslicense_t","Citizen_g",320,0,"+"
"89","a",49,1.5,"u","BankCustomer_g","EducationLevel_j","Ethicity_j",0,"PriorDefault_t","Employed_f",0,"Driverslicense_t","Citizen_g",100,27,"-"
"318","b",19.17,0,"y","BankCustomer_p","EducationLevel_m","Ethicity_bb",0,"PriorDefault_f","Employed_f",0,"Driverslicense_t","Citizen_s",500,1,"+"
"141","a",56.5,16,"u","BankCustomer_g","EducationLevel_j","Ethicity_ff",0,"PriorDefault_t","Employed_t",15,"Driverslicense_f","Citizen_g",0,247,"+"
"409","b",17.08,0.25,"u","BankCustomer_g","EducationLevel_q","Ethicity_v",0.335,"PriorDefault_f","Employed_t",4,"Driverslicense_f","Citizen_g",160,8,"-"
"671","b",25.83,12.835,"u","BankCustomer_g","EducationLevel_cc","Ethicity_v",0.5,"PriorDefault_f","Employed_f",0,"Driverslicense_f","Citizen_g",0,2,"-"
"574","a",20.33,10,"u","BankCustomer_g","EducationLevel_c","Ethicity_h",1,"PriorDefault_t","Employed_t",4,"Driverslicense_f","Citizen_g",50,1465,"+"
"626","b",22,7.835,"y","BankCustomer_p","EducationLevel_i","Ethicity_bb",0.165,"PriorDefault_f","Employed_f",0,"Driverslicense_t","Citizen_g",176.463099630996,0,"-"
"325","a",29.5,1.085,"y","BankCustomer_p","EducationLevel_x","Ethicity_v",1,"PriorDefault_f","Employed_f",0,"Driverslicense_f","Citizen_g",280,13,"-"
"105","b",54.83,15.5,"u","BankCustomer_g","EducationLevel_e","Ethicity_z",0,"PriorDefault_t","Employed_t",20,"Driverslicense_f","Citizen_g",152,130,"-"
"179","b",20.17,8.17,"u","BankCustomer_g","EducationLevel_aa","Ethicity_v",1.96,"PriorDefault_t","Employed_t",14,"Driverslicense_f","Citizen_g",60,158,"+"
"274","b",30.67,2.5,"u","BankCustomer_g","EducationLevel_cc","Ethicity_h",2.25,"PriorDefault_f","Employed_f",0,"Driverslicense_t","Citizen_s",340,0,"-"
"87","b",25.67,2.21,"y","BankCustomer_p","EducationLevel_aa","Ethicity_v",4,"PriorDefault_t","Employed_f",0,"Driverslicense_f","Citizen_g",188,0,"-"
"488","b",18.83,3.54,"y","BankCustomer_p","EducationLevel_ff","Ethicity_ff",0,"PriorDefault_f","Employed_f",0,"Driverslicense_t","Citizen_g",180,1,"-"
"324","b",33.67,1.25,"u","BankCustomer_g","EducationLevel_w","Ethicity_v",1.165,"PriorDefault_f","Employed_f",0,"Driverslicense_f","Citizen_g",120,0,"-"
"423","b",26.17,0.835,"u","BankCustomer_g","EducationLevel_cc","Ethicity_v",1.165,"PriorDefault_f","Employed_f",0,"Driverslicense_f","Citizen_g",100,0,"-"
"555","b",41.92,0.42,"u","BankCustomer_g","EducationLevel_c","Ethicity_h",0.21,"PriorDefault_t","Employed_t",6,"Driverslicense_f","Citizen_g",220,948,"+"
"97","b",31.6297058823529,0.5,"u","BankCustomer_g","EducationLevel_c","Ethicity_bb",0.835,"PriorDefault_t","Employed_f",0,"Driverslicense_t","Citizen_s",320,0,"-"
"286","a",31.6297058823529,1.5,"u","BankCustomer_g","EducationLevel_ff","Ethicity_ff",0,"PriorDefault_f","Employed_t",2,"Driverslicense_t","Citizen_g",200,105,"-"
"678","a",17.92,10.21,"u","BankCustomer_g","EducationLevel_ff","Ethicity_ff",0,"PriorDefault_f","Employed_f",0,"Driverslicense_f","Citizen_g",0,50,"-"
"240","b",20.5,10,"y","BankCustomer_p","EducationLevel_c","Ethicity_v",2.5,"PriorDefault_t","Employed_f",0,"Driverslicense_f","Citizen_s",40,0,"+"
"335","b",27.67,0.75,"u","BankCustomer_g","EducationLevel_q","Ethicity_h",0.165,"PriorDefault_f","Employed_f",0,"Driverslicense_t","Citizen_g",220,251,"-"
"442","b",30.58,2.71,"y","BankCustomer_p","EducationLevel_m","Ethicity_v",0.125,"PriorDefault_f","Employed_f",0,"Driverslicense_t","Citizen_s",80,0,"-"
"311","b",19,1.75,"y","BankCustomer_p","EducationLevel_c","Ethicity_v",2.335,"PriorDefault_f","Employed_f",0,"Driverslicense_t","Citizen_g",112,6,"-"
"621","b",22.67,0.165,"u","BankCustomer_g","EducationLevel_c","Ethicity_j",2.25,"PriorDefault_f","Employed_f",0,"Driverslicense_t","Citizen_s",0,0,"+"
"375","a",20.83,0.5,"y","BankCustomer_p","EducationLevel_e","Ethicity_dd",1,"PriorDefault_f","Employed_f",0,"Driverslicense_f","Citizen_g",260,0,"-"
"263","a",20.42,10.5,"y","BankCustomer_p","EducationLevel_x","Ethicity_h",0,"PriorDefault_f","Employed_f",0,"Driverslicense_t","Citizen_g",154,32,"-"
"14","a",45.83,10.5,"u","BankCustomer_g","EducationLevel_q","Ethicity_v",5,"PriorDefault_t","Employed_t",7,"Driverslicense_t","Citizen_g",0,0,"+"
"304","a",24.75,13.665,"u","BankCustomer_g","EducationLevel_q","Ethicity_h",1.5,"PriorDefault_f","Employed_f",0,"Driverslicense_f","Citizen_g",280,1,"-"
"670","b",47.17,5.835,"u","BankCustomer_g","EducationLevel_w","Ethicity_v",5.5,"PriorDefault_f","Employed_f",0,"Driverslicense_f","Citizen_g",465,150,"-"
"419","a",26.58,2.54,"y","BankCustomer_p","EducationLevel_ff","Ethicity_ff",0,"PriorDefault_f","Employed_f",0,"Driverslicense_t","Citizen_g",180,60,"-"
"615","b",29.42,1.25,"u","BankCustomer_g","EducationLevel_c","Ethicity_h",0.25,"PriorDefault_f","Employed_t",2,"Driverslicense_t","Citizen_g",400,108,"-"
"518","a",28.17,0.375,"u","BankCustomer_g","EducationLevel_q","Ethicity_v",0.585,"PriorDefault_t","Employed_t",4,"Driverslicense_f","Citizen_g",80,0,"+"
"128","b",34.42,4.25,"u","BankCustomer_g","EducationLevel_i","Ethicity_bb",3.25,"PriorDefault_t","Employed_t",2,"Driverslicense_f","Citizen_g",274,610,"+"
"580","b",31.67,0.83,"u","BankCustomer_g","EducationLevel_x","Ethicity_v",1.335,"PriorDefault_t","Employed_t",8,"Driverslicense_t","Citizen_g",303,3290,"+"
"585","b",73.42,17.75,"u","BankCustomer_g","EducationLevel_ff","Ethicity_ff",0,"PriorDefault_t","Employed_f",0,"Driverslicense_t","Citizen_g",0,0,"+"
"310","a",24.83,4.5,"u","BankCustomer_g","EducationLevel_w","Ethicity_v",1,"PriorDefault_f","Employed_f",0,"Driverslicense_t","Citizen_g",360,6,"-"
"331","a",33.25,2.5,"y","BankCustomer_p","EducationLevel_c","Ethicity_v",2.5,"PriorDefault_f","Employed_f",0,"Driverslicense_t","Citizen_g",0,2,"-"
"2","a",24.5,0.5,"u","BankCustomer_g","EducationLevel_q","Ethicity_h",1.5,"PriorDefault_t","Employed_f",0,"Driverslicense_f","Citizen_g",280,824,"+"
"62","a",23.42,0.79,"y","BankCustomer_p","EducationLevel_q","Ethicity_v",1.5,"PriorDefault_t","Employed_t",2,"Driverslicense_t","Citizen_g",80,400,"+"
"220","a",50.08,12.54,"u","BankCustomer_g","EducationLevel_aa","Ethicity_v",2.29,"PriorDefault_t","Employed_t",3,"Driverslicense_t","Citizen_g",156,0,"+"
"428","b",49.17,2.29,"u","BankCustomer_g","EducationLevel_ff","Ethicity_ff",0.29,"PriorDefault_f","Employed_f",0,"Driverslicense_f","Citizen_g",200,3,"-"
"630","a",22.92,1.25,"u","BankCustomer_g","EducationLevel_q","Ethicity_v",0.25,"PriorDefault_f","Employed_f",0,"Driverslicense_t","Citizen_g",120,809,"-"
"49","b",23.92,0.665,"u","BankCustomer_g","EducationLevel_c","Ethicity_v",0.165,"PriorDefault_f","Employed_f",0,"Driverslicense_f","Citizen_g",100,0,"+"
"390","b",15.17,7,"u","BankCustomer_g","EducationLevel_e","Ethicity_v",1,"PriorDefault_f","Employed_f",0,"Driverslicense_f","Citizen_g",600,0,"-"
"549","b",48.33,12,"u","BankCustomer_g","EducationLevel_m","Ethicity_v",16,"PriorDefault_t","Employed_f",0,"Driverslicense_f","Citizen_s",110,0,"+"
"676","a",30.58,10.665,"u","BankCustomer_g","EducationLevel_q","Ethicity_h",0.085,"PriorDefault_f","Employed_t",12,"Driverslicense_t","Citizen_g",129,3,"-"
"627","b",36.08,2.54,"u","BankCustomer_g","EducationLevel_ff","Ethicity_ff",0,"PriorDefault_f","Employed_f",0,"Driverslicense_f","Citizen_g",0,1000,"-"
"507","a",24.75,3,"u","BankCustomer_g","EducationLevel_q","Ethicity_h",1.835,"PriorDefault_t","Employed_t",19,"Driverslicense_f","Citizen_g",0,500,"+"
"79","b",21.5,9.75,"u","BankCustomer_g","EducationLevel_c","Ethicity_v",0.25,"PriorDefault_t","Employed_f",0,"Driverslicense_f","Citizen_g",140,0,"-"
"200","a",24.08,0.5,"u","BankCustomer_g","EducationLevel_q","Ethicity_h",1.25,"PriorDefault_t","Employed_t",1,"Driverslicense_f","Citizen_g",0,678,"+"
"566","b",23.08,11.5,"u","BankCustomer_g","EducationLevel_w","Ethicity_h",2.125,"PriorDefault_t","Employed_t",11,"Driverslicense_t","Citizen_g",290,284,"+"
"528","a",55.75,7.08,"u","BankCustomer_g","EducationLevel_k","Ethicity_h",6.75,"PriorDefault_t","Employed_t",3,"Driverslicense_t","Citizen_g",100,50,"-"
"337","a",34.83,1.25,"y","BankCustomer_p","EducationLevel_i","Ethicity_h",0.5,"PriorDefault_f","Employed_f",0,"Driverslicense_t","Citizen_g",160,0,"-"
"365","b",42.83,1.25,"u","BankCustomer_g","EducationLevel_m","Ethicity_v",13.875,"PriorDefault_f","Employed_t",1,"Driverslicense_t","Citizen_g",352,112,"-"
"364","b",24.42,2,"u","BankCustomer_g","EducationLevel_e","Ethicity_dd",0.165,"PriorDefault_f","Employed_t",2,"Driverslicense_f","Citizen_g",320,1300,"-"
"108","b",40.92,2.25,"y","BankCustomer_p","EducationLevel_x","Ethicity_h",10,"PriorDefault_t","Employed_f",0,"Driverslicense_t","Citizen_g",176,0,"-"
"361","b",23.08,2.5,"u","BankCustomer_g","EducationLevel_ff","Ethicity_ff",0.085,"PriorDefault_f","Employed_f",0,"Driverslicense_t","Citizen_g",100,4208,"-"
"111","a",24.5,1.04,"y","BankCustomer_p","EducationLevel_ff","Ethicity_ff",0.5,"PriorDefault_t","Employed_t",3,"Driverslicense_f","Citizen_g",180,147,"-"
"63","a",20.42,0.835,"u","BankCustomer_g","EducationLevel_q","Ethicity_v",1.585,"PriorDefault_t","Employed_t",1,"Driverslicense_f","Citizen_g",0,0,"+"
"312","a",16.33,0.21,"u","BankCustomer_g","EducationLevel_aa","Ethicity_v",0.125,"PriorDefault_f","Employed_f",0,"Driverslicense_f","Citizen_g",200,1,"-"
"125","b",34.92,5,"u","BankCustomer_g","EducationLevel_x","Ethicity_h",7.5,"PriorDefault_t","Employed_t",6,"Driverslicense_t","Citizen_g",0,1000,"+"
"137","b",33.58,2.75,"u","BankCustomer_g","EducationLevel_m","Ethicity_v",4.25,"PriorDefault_t","Employed_t",6,"Driverslicense_f","Citizen_g",204,0,"+"
"213","b",23.08,11.5,"u","BankCustomer_g","EducationLevel_i","Ethicity_v",3.5,"PriorDefault_t","Employed_t",9,"Driverslicense_f","Citizen_g",56,742,"+"
"151","a",58.33,10,"u","BankCustomer_g","EducationLevel_q","Ethicity_v",4,"PriorDefault_t","Employed_t",14,"Driverslicense_f","Citizen_g",0,1602,"+"
"519","b",39.17,1.71,"u","BankCustomer_g","EducationLevel_x","Ethicity_v",0.125,"PriorDefault_t","Employed_t",5,"Driverslicense_t","Citizen_g",480,0,"+"
"449","b",20,7,"u","BankCustomer_g","EducationLevel_c","Ethicity_v",0.5,"PriorDefault_f","Employed_f",0,"Driverslicense_f","Citizen_g",0,0,"-"
"120","b",39.92,6.21,"u","BankCustomer_g","EducationLevel_q","Ethicity_v",0.04,"PriorDefault_t","Employed_t",1,"Driverslicense_f","Citizen_g",200,300,"+"
"168","b",36.67,3.25,"u","BankCustomer_g","EducationLevel_q","Ethicity_h",9,"PriorDefault_t","Employed_f",0,"Driverslicense_t","Citizen_g",102,639,"+"
"218","b",53.92,9.625,"u","BankCustomer_g","EducationLevel_e","Ethicity_v",8.665,"PriorDefault_t","Employed_t",5,"Driverslicense_f","Citizen_g",0,0,"+"
"388","b",26.67,14.585,"u","BankCustomer_g","EducationLevel_i","Ethicity_bb",0,"PriorDefault_f","Employed_f",0,"Driverslicense_t","Citizen_g",178,0,"-"
"96","b",23,0.625,"y","BankCustomer_p","EducationLevel_aa","Ethicity_v",0.125,"PriorDefault_t","Employed_f",0,"Driverslicense_f","Citizen_g",180,1,"-"
"501","b",39,5,"u","BankCustomer_g","EducationLevel_cc","Ethicity_v",3.5,"PriorDefault_t","Employed_t",10,"Driverslicense_t","Citizen_g",0,0,"+"
"453","b",29.75,0.665,"u","BankCustomer_g","EducationLevel_w","Ethicity_v",0.25,"PriorDefault_f","Employed_f",0,"Driverslicense_t","Citizen_g",300,0,"-"
"546","b",23.58,0.46,"y","BankCustomer_p","EducationLevel_w","Ethicity_v",2.625,"PriorDefault_t","Employed_t",6,"Driverslicense_t","Citizen_g",208,347,"-"
"571","b",21,3,"y","BankCustomer_p","EducationLevel_d","Ethicity_v",1.085,"PriorDefault_t","Employed_t",8,"Driverslicense_t","Citizen_g",160,1,"+"
"126","b",47.67,2.5,"u","BankCustomer_g","EducationLevel_m","Ethicity_bb",2.5,"PriorDefault_t","Employed_t",12,"Driverslicense_t","Citizen_g",410,2510,"+"
"193","b",22.67,1.585,"y","BankCustomer_p","EducationLevel_w","Ethicity_v",3.085,"PriorDefault_t","Employed_t",6,"Driverslicense_f","Citizen_g",80,0,"+"
"246","b",45,8.5,"u","BankCustomer_g","EducationLevel_cc","Ethicity_h",14,"PriorDefault_t","Employed_t",1,"Driverslicense_t","Citizen_g",88,2000,"+"
"544","b",30.08,1.04,"y","BankCustomer_p","EducationLevel_i","Ethicity_bb",0.5,"PriorDefault_t","Employed_t",10,"Driverslicense_t","Citizen_g",132,28,"-"
"653","b",21.5,11.5,"u","BankCustomer_g","EducationLevel_i","Ethicity_v",0.5,"PriorDefault_t","Employed_f",0,"Driverslicense_t","Citizen_g",100,68,"-"
"464","a",23,1.835,"u","BankCustomer_g","EducationLevel_j","Ethicity_j",0,"PriorDefault_f","Employed_t",1,"Driverslicense_f","Citizen_g",200,53,"-"
"368","a",23.58,11.5,"y","BankCustomer_p","EducationLevel_k","Ethicity_h",3,"PriorDefault_f","Employed_f",0,"Driverslicense_t","Citizen_g",20,16,"-"
"198","b",27.58,2.04,"y","BankCustomer_p","EducationLevel_aa","Ethicity_v",2,"PriorDefault_t","Employed_t",3,"Driverslicense_t","Citizen_g",370,560,"+"
"143","b",22.33,11,"u","BankCustomer_g","EducationLevel_w","Ethicity_v",2,"PriorDefault_t","Employed_t",1,"Driverslicense_f","Citizen_g",80,278,"+"
"458","b",36.17,5.5,"u","BankCustomer_g","EducationLevel_i","Ethicity_bb",5,"PriorDefault_f","Employed_f",0,"Driverslicense_f","Citizen_g",210,687,"-"
"588","b",26.67,1.75,"y","BankCustomer_p","EducationLevel_c","Ethicity_v",1,"PriorDefault_t","Employed_t",5,"Driverslicense_t","Citizen_g",160,5777,"+"
"356","b",41.17,1.335,"u","BankCustomer_g","EducationLevel_d","Ethicity_v",0.165,"PriorDefault_f","Employed_f",0,"Driverslicense_f","Citizen_g",168,0,"-"
"206","a",71.58,0,"u","BankCustomer_g","EducationLevel_c","Ethicity_v",0,"PriorDefault_f","Employed_f",0,"Driverslicense_f","Citizen_p",176.463099630996,0,"+"
"492","b",39.25,9.5,"u","BankCustomer_g","EducationLevel_m","Ethicity_v",6.5,"PriorDefault_t","Employed_t",14,"Driverslicense_f","Citizen_g",240,4607,"+"
"124","a",23.5,9,"u","BankCustomer_g","EducationLevel_q","Ethicity_v",8.5,"PriorDefault_t","Employed_t",5,"Driverslicense_t","Citizen_g",120,0,"+"
"165","a",40.83,10,"u","BankCustomer_g","EducationLevel_q","Ethicity_h",1.75,"PriorDefault_t","Employed_f",0,"Driverslicense_f","Citizen_g",29,837,"+"
"377","b",20.67,0.835,"y","BankCustomer_p","EducationLevel_c","Ethicity_v",2,"PriorDefault_f","Employed_f",0,"Driverslicense_t","Citizen_s",240,0,"-"
"394","b",41.17,1.25,"y","BankCustomer_p","EducationLevel_w","Ethicity_v",0.25,"PriorDefault_f","Employed_f",0,"Driverslicense_f","Citizen_g",0,195,"-"
"601","b",42.25,1.75,"y","BankCustomer_p","EducationLevel_c","Ethicity_v",0,"PriorDefault_f","Employed_f",0,"Driverslicense_t","Citizen_g",150,1,"-"
"76","b",34.08,6.5,"u","BankCustomer_g","EducationLevel_aa","Ethicity_v",0.125,"PriorDefault_t","Employed_f",0,"Driverslicense_t","Citizen_g",443,0,"-"
"599","b",20.5,2.415,"u","BankCustomer_g","EducationLevel_c","Ethicity_v",2,"PriorDefault_t","Employed_t",11,"Driverslicense_t","Citizen_g",200,3000,"+"
"23","a",27.42,14.5,"u","BankCustomer_g","EducationLevel_x","Ethicity_h",3.085,"PriorDefault_t","Employed_t",1,"Driverslicense_f","Citizen_g",120,11,"+"
"157","a",68.67,15,"u","BankCustomer_g","EducationLevel_e","Ethicity_z",0,"PriorDefault_t","Employed_t",14,"Driverslicense_f","Citizen_g",0,3376,"+"
"495","b",19.17,9.5,"u","BankCustomer_g","EducationLevel_w","Ethicity_v",1.5,"PriorDefault_t","Employed_f",0,"Driverslicense_f","Citizen_g",120,2206,"+"
"437","a",53.33,0.165,"u","BankCustomer_g","EducationLevel_ff","Ethicity_ff",0,"PriorDefault_f","Employed_f",0,"Driverslicense_t","Citizen_s",62,27,"-"
"71","b",34.83,4,"u","BankCustomer_g","EducationLevel_d","Ethicity_bb",12.5,"PriorDefault_t","Employed_f",0,"Driverslicense_t","Citizen_g",176.463099630996,0,"-"
"176","b",25,12.5,"u","BankCustomer_g","EducationLevel_aa","Ethicity_v",3,"PriorDefault_t","Employed_f",0,"Driverslicense_t","Citizen_s",20,0,"+"
"262","a",48.17,1.335,"u","BankCustomer_g","EducationLevel_i","Ethicity_o",0.335,"PriorDefault_f","Employed_f",0,"Driverslicense_f","Citizen_g",0,120,"-"
"186","b",40,6.5,"u","BankCustomer_g","EducationLevel_aa","Ethicity_bb",3.5,"PriorDefault_t","Employed_t",1,"Driverslicense_f","Citizen_g",0,500,"+"
"41","b",28.92,15,"u","BankCustomer_g","EducationLevel_c","Ethicity_h",5.335,"PriorDefault_t","Employed_t",11,"Driverslicense_f","Citizen_g",0,2283,"+"
"509","b",21,4.79,"y","BankCustomer_p","EducationLevel_w","Ethicity_v",2.25,"PriorDefault_t","Employed_t",1,"Driverslicense_t","Citizen_g",80,300,"+"
"486","b",28.17,0.125,"y","BankCustomer_p","EducationLevel_k","Ethicity_v",0.085,"PriorDefault_f","Employed_f",0,"Driverslicense_f","Citizen_g",216,2100,"-"
"393","b",24.75,0.54,"u","BankCustomer_g","EducationLevel_m","Ethicity_v",1,"PriorDefault_f","Employed_f",0,"Driverslicense_t","Citizen_g",120,1,"-"
"150","a",46.67,0.46,"u","BankCustomer_g","EducationLevel_cc","Ethicity_h",0.415,"PriorDefault_t","Employed_t",11,"Driverslicense_t","Citizen_g",440,6,"+"
"117","b",52.5,6.5,"u","BankCustomer_g","EducationLevel_k","Ethicity_v",6.29,"PriorDefault_t","Employed_t",15,"Driverslicense_f","Citizen_g",0,11202,"+"
"351","b",22.17,0.585,"y","BankCustomer_p","EducationLevel_ff","Ethicity_ff",0,"PriorDefault_f","Employed_f",0,"Driverslicense_f","Citizen_g",100,0,"-"
"28","b",57.42,8.5,"u","BankCustomer_g","EducationLevel_e","Ethicity_h",7,"PriorDefault_t","Employed_t",3,"Driverslicense_f","Citizen_g",0,0,"+"
"510","b",13.75,4,"y","BankCustomer_p","EducationLevel_w","Ethicity_v",1.75,"PriorDefault_t","Employed_t",2,"Driverslicense_t","Citizen_g",120,1000,"+"
"491","b",24.17,0.875,"u","BankCustomer_g","EducationLevel_q","Ethicity_v",4.625,"PriorDefault_t","Employed_t",2,"Driverslicense_t","Citizen_g",520,2000,"+"
"514","b",22.67,2.54,"y","BankCustomer_p","EducationLevel_c","Ethicity_h",2.585,"PriorDefault_t","Employed_f",0,"Driverslicense_f","Citizen_g",0,0,"+"
"295","a",31.92,3.125,"u","BankCustomer_g","EducationLevel_ff","Ethicity_ff",3.04,"PriorDefault_f","Employed_t",2,"Driverslicense_t","Citizen_g",200,4,"-"
"315","b",23,0.75,"u","BankCustomer_g","EducationLevel_m","Ethicity_v",0.5,"PriorDefault_t","Employed_f",0,"Driverslicense_t","Citizen_s",320,0,"-"
"535","a",33.92,1.585,"y","BankCustomer_p","EducationLevel_ff","Ethicity_ff",0,"PriorDefault_t","Employed_f",0,"Driverslicense_f","Citizen_g",320,0,"-"
"503","b",28.25,5.125,"u","BankCustomer_g","EducationLevel_x","Ethicity_v",4.75,"PriorDefault_t","Employed_t",2,"Driverslicense_f","Citizen_g",420,7,"+"
"50","a",25.75,0.5,"u","BankCustomer_g","EducationLevel_c","Ethicity_h",0.875,"PriorDefault_t","Employed_f",0,"Driverslicense_t","Citizen_g",491,0,"+"
"362","b",26.83,0.54,"u","BankCustomer_g","EducationLevel_k","Ethicity_ff",0,"PriorDefault_f","Employed_f",0,"Driverslicense_f","Citizen_g",100,0,"-"
"273","b",38.25,10.125,"y","BankCustomer_p","EducationLevel_k","Ethicity_v",0.125,"PriorDefault_f","Employed_f",0,"Driverslicense_f","Citizen_g",160,0,"-"
"631","a",27.25,0.29,"u","BankCustomer_g","EducationLevel_m","Ethicity_h",0.125,"PriorDefault_f","Employed_t",1,"Driverslicense_t","Citizen_g",272,108,"-"
"387","b",21.17,0,"u","BankCustomer_g","EducationLevel_c","Ethicity_v",0.5,"PriorDefault_f","Employed_f",0,"Driverslicense_t","Citizen_s",0,0,"-"
"84","b",27.25,0.625,"u","BankCustomer_g","EducationLevel_aa","Ethicity_v",0.455,"PriorDefault_t","Employed_f",0,"Driverslicense_t","Citizen_g",200,0,"-"
"551","b",51.33,10,"u","BankCustomer_g","EducationLevel_i","Ethicity_bb",0,"PriorDefault_t","Employed_t",11,"Driverslicense_f","Citizen_g",0,1249,"+"
"505","b",31.33,19.5,"u","BankCustomer_g","EducationLevel_c","Ethicity_v",7,"PriorDefault_t","Employed_t",16,"Driverslicense_f","Citizen_g",0,5000,"+"
"459","b",25.67,0.29,"y","BankCustomer_p","EducationLevel_c","Ethicity_v",1.5,"PriorDefault_f","Employed_f",0,"Driverslicense_t","Citizen_g",160,0,"-"
"444","a",17.67,0,"y","BankCustomer_p","EducationLevel_j","Ethicity_ff",0,"PriorDefault_f","Employed_f",0,"Driverslicense_f","Citizen_g",86,0,"-"
"353","b",30.75,1.585,"u","BankCustomer_g","EducationLevel_d","Ethicity_v",0.585,"PriorDefault_f","Employed_f",0,"Driverslicense_t","Citizen_s",0,0,"-"
"299","b",22.17,12.125,"u","BankCustomer_g","EducationLevel_c","Ethicity_v",3.335,"PriorDefault_f","Employed_t",2,"Driverslicense_t","Citizen_g",180,173,"-"
"323","b",48.58,0.205,"y","BankCustomer_p","EducationLevel_k","Ethicity_v",0.25,"PriorDefault_t","Employed_t",11,"Driverslicense_f","Citizen_g",380,2732,"+"
"354","b",36.67,2,"u","BankCustomer_g","EducationLevel_i","Ethicity_v",0.25,"PriorDefault_f","Employed_f",0,"Driverslicense_t","Citizen_g",221,0,"-"
"657","a",38.92,1.665,"u","BankCustomer_g","EducationLevel_aa","Ethicity_v",0.25,"PriorDefault_f","Employed_f",0,"Driverslicense_f","Citizen_g",0,390,"-"
"77","a",19.17,0.585,"y","BankCustomer_p","EducationLevel_aa","Ethicity_v",0.585,"PriorDefault_t","Employed_f",0,"Driverslicense_t","Citizen_g",160,0,"-"
"638","b",28.58,3.625,"u","BankCustomer_g","EducationLevel_aa","Ethicity_v",0.25,"PriorDefault_f","Employed_f",0,"Driverslicense_t","Citizen_g",100,0,"-"
"403","a",22.67,0.335,"u","BankCustomer_g","EducationLevel_q","Ethicity_v",0.75,"PriorDefault_f","Employed_f",0,"Driverslicense_f","Citizen_s",160,0,"-"
"516","a",60.92,5,"u","BankCustomer_g","EducationLevel_aa","Ethicity_v",4,"PriorDefault_t","Employed_t",4,"Driverslicense_f","Citizen_g",0,99,"+"
"625","b",23.75,12,"u","BankCustomer_g","EducationLevel_c","Ethicity_v",2.085,"PriorDefault_f","Employed_f",0,"Driverslicense_f","Citizen_s",80,0,"-"
"32","b",49.5,7.585,"u","BankCustomer_g","EducationLevel_i","Ethicity_bb",7.585,"PriorDefault_t","Employed_t",15,"Driverslicense_t","Citizen_g",0,5000,"+"
"340","a",39.08,4,"u","BankCustomer_g","EducationLevel_c","Ethicity_v",3,"PriorDefault_f","Employed_f",0,"Driverslicense_f","Citizen_g",480,0,"-"
"307","b",18.58,10.29,"u","BankCustomer_g","EducationLevel_ff","Ethicity_ff",0.415,"PriorDefault_f","Employed_f",0,"Driverslicense_f","Citizen_g",80,0,"-"
"75","b",20.67,5.29,"u","BankCustomer_g","EducationLevel_q","Ethicity_v",0.375,"PriorDefault_t","Employed_t",1,"Driverslicense_f","Citizen_g",160,0,"-"
"178","a",18.42,9.25,"u","BankCustomer_g","EducationLevel_q","Ethicity_v",1.21,"PriorDefault_t","Employed_t",4,"Driverslicense_f","Citizen_g",60,540,"+"
"160","b",27.67,2,"u","BankCustomer_g","EducationLevel_x","Ethicity_h",1,"PriorDefault_t","Employed_t",4,"Driverslicense_f","Citizen_g",140,7544,"+"
"343","b",33.75,2.75,"u","BankCustomer_g","EducationLevel_i","Ethicity_bb",0,"PriorDefault_f","Employed_f",0,"Driverslicense_f","Citizen_g",180,0,"-"
"345","b",62.75,7,"u","BankCustomer_g","EducationLevel_e","Ethicity_z",0,"PriorDefault_f","Employed_f",0,"Driverslicense_f","Citizen_g",0,12,"-"
"584","a",28.08,15,"y","BankCustomer_p","EducationLevel_e","Ethicity_z",0,"PriorDefault_t","Employed_f",0,"Driverslicense_f","Citizen_g",0,13212,"+"
"298","b",16.33,2.75,"u","BankCustomer_g","EducationLevel_aa","Ethicity_v",0.665,"PriorDefault_f","Employed_t",1,"Driverslicense_f","Citizen_g",80,21,"-"
"682","b",17.08,3.29,"u","BankCustomer_g","EducationLevel_i","Ethicity_v",0.335,"PriorDefault_f","Employed_f",0,"Driverslicense_t","Citizen_g",140,2,"-"
"602","b",29.83,1.25,"y","BankCustomer_p","EducationLevel_k","Ethicity_v",0.25,"PriorDefault_f","Employed_f",0,"Driverslicense_f","Citizen_g",224,0,"-"
"404","b",34,5.085,"y","BankCustomer_p","EducationLevel_i","Ethicity_bb",1.085,"PriorDefault_f","Employed_f",0,"Driverslicense_t","Citizen_g",480,0,"-"
"461","b",24.08,0.875,"u","BankCustomer_g","EducationLevel_m","Ethicity_v",0.085,"PriorDefault_f","Employed_t",4,"Driverslicense_f","Citizen_g",254,1950,"-"
"300","a",57.58,2,"u","BankCustomer_g","EducationLevel_ff","Ethicity_ff",6.5,"PriorDefault_f","Employed_t",1,"Driverslicense_f","Citizen_g",0,10,"-"
"490","a",47.25,0.75,"u","BankCustomer_g","EducationLevel_q","Ethicity_h",2.75,"PriorDefault_t","Employed_t",1,"Driverslicense_f","Citizen_g",333,892,"+"
"42","b",29.67,1.415,"u","BankCustomer_g","EducationLevel_w","Ethicity_h",0.75,"PriorDefault_t","Employed_t",1,"Driverslicense_f","Citizen_g",240,100,"+"
"248","b",24.5,12.75,"u","BankCustomer_g","EducationLevel_c","Ethicity_bb",4.75,"PriorDefault_t","Employed_t",2,"Driverslicense_f","Citizen_g",73,444,"+"
"214","b",26.67,2.71,"y","BankCustomer_p","EducationLevel_cc","Ethicity_v",5.25,"PriorDefault_t","Employed_t",1,"Driverslicense_f","Citizen_g",211,0,"+"
"500","b",31.6297058823529,4,"u","BankCustomer_g","EducationLevel_x","Ethicity_v",5,"PriorDefault_t","Employed_t",3,"Driverslicense_t","Citizen_g",290,2279,"+"
"687","a",25.25,13.5,"y","BankCustomer_p","EducationLevel_ff","Ethicity_ff",2,"PriorDefault_f","Employed_t",1,"Driverslicense_t","Citizen_g",200,1,"-"
"513","b",20.25,9.96,"u","BankCustomer_g","EducationLevel_e","Ethicity_dd",0,"PriorDefault_t","Employed_f",0,"Driverslicense_f","Citizen_g",0,0,"+"
"22","a",47.75,8,"u","BankCustomer_g","EducationLevel_c","Ethicity_v",7.875,"PriorDefault_t","Employed_t",6,"Driverslicense_t","Citizen_g",0,1260,"+"
"209","b",39.5,4.25,"u","BankCustomer_g","EducationLevel_c","Ethicity_bb",6.5,"PriorDefault_t","Employed_t",16,"Driverslicense_f","Citizen_g",117,1210,"+"
"251","b",41.42,5,"u","BankCustomer_g","EducationLevel_q","Ethicity_h",5,"PriorDefault_t","Employed_t",6,"Driverslicense_t","Citizen_g",470,0,"+"
"460","a",24.5,2.415,"y","BankCustomer_p","EducationLevel_c","Ethicity_v",0,"PriorDefault_f","Employed_f",0,"Driverslicense_f","Citizen_g",120,0,"-"
"134","b",32.67,5.5,"u","BankCustomer_g","EducationLevel_q","Ethicity_h",5.5,"PriorDefault_t","Employed_t",12,"Driverslicense_t","Citizen_g",408,1000,"+"
"662","a",23.5,1.5,"u","BankCustomer_g","EducationLevel_w","Ethicity_v",0.875,"PriorDefault_f","Employed_f",0,"Driverslicense_t","Citizen_g",160,0,"-"
"265","b",17.08,0.085,"y","BankCustomer_p","EducationLevel_c","Ethicity_v",0.04,"PriorDefault_f","Employed_f",0,"Driverslicense_f","Citizen_g",140,722,"-"
"517","b",16.08,0.75,"u","BankCustomer_g","EducationLevel_c","Ethicity_v",1.75,"PriorDefault_t","Employed_t",5,"Driverslicense_t","Citizen_g",352,690,"+"
"24","a",41.17,6.5,"u","BankCustomer_g","EducationLevel_q","Ethicity_v",0.5,"PriorDefault_t","Employed_t",3,"Driverslicense_t","Citizen_g",145,0,"+"
"629","a",19.58,0.665,"u","BankCustomer_g","EducationLevel_w","Ethicity_v",1.665,"PriorDefault_f","Employed_f",0,"Driverslicense_f","Citizen_g",220,5,"-"
"314","b",16.25,0,"y","BankCustomer_p","EducationLevel_aa","Ethicity_v",0.25,"PriorDefault_f","Employed_f",0,"Driverslicense_f","Citizen_g",60,0,"-"
"558","b",51.42,0.04,"u","BankCustomer_g","EducationLevel_x","Ethicity_h",0.04,"PriorDefault_t","Employed_f",0,"Driverslicense_f","Citizen_g",0,3000,"+"
"19","a",19.17,8.585,"u","BankCustomer_g","EducationLevel_cc","Ethicity_h",0.75,"PriorDefault_t","Employed_t",7,"Driverslicense_f","Citizen_g",96,0,"+"
"636","b",40.92,0.5,"y","BankCustomer_p","EducationLevel_m","Ethicity_v",0.5,"PriorDefault_f","Employed_f",0,"Driverslicense_t","Citizen_g",130,0,"-"
"438","a",27.17,1.25,"u","BankCustomer_g","EducationLevel_ff","Ethicity_ff",0,"PriorDefault_f","Employed_t",1,"Driverslicense_f","Citizen_g",92,300,"-"
"607","b",32.33,3.5,"u","BankCustomer_g","EducationLevel_k","Ethicity_v",0.5,"PriorDefault_f","Employed_f",0,"Driverslicense_t","Citizen_g",232,0,"-"
"113","a",33.75,0.75,"u","BankCustomer_g","EducationLevel_k","Ethicity_bb",1,"PriorDefault_t","Employed_t",3,"Driverslicense_t","Citizen_g",212,0,"-"
"686","a",22.67,0.75,"u","BankCustomer_g","EducationLevel_c","Ethicity_v",2,"PriorDefault_f","Employed_t",2,"Driverslicense_t","Citizen_g",200,394,"-"
"529","b",43.25,25.21,"u","BankCustomer_g","EducationLevel_q","Ethicity_h",0.21,"PriorDefault_t","Employed_t",1,"Driverslicense_f","Citizen_g",760,90,"-"
"496","a",25,0.875,"u","BankCustomer_g","EducationLevel_x","Ethicity_h",1.04,"PriorDefault_t","Employed_f",0,"Driverslicense_t","Citizen_g",160,5860,"+"
"439","b",25.92,0.875,"u","BankCustomer_g","EducationLevel_k","Ethicity_v",0.375,"PriorDefault_f","Employed_t",2,"Driverslicense_t","Citizen_g",174,3,"-"
"637","b",19.5,9.585,"u","BankCustomer_g","EducationLevel_aa","Ethicity_v",0.79,"PriorDefault_f","Employed_f",0,"Driverslicense_f","Citizen_g",80,350,"-"
"306","b",23.5,2.75,"u","BankCustomer_g","EducationLevel_ff","Ethicity_ff",4.5,"PriorDefault_f","Employed_f",0,"Driverslicense_f","Citizen_g",160,25,"-"
"155","a",21.67,11.5,"y","BankCustomer_p","EducationLevel_j","Ethicity_j",0,"PriorDefault_t","Employed_t",11,"Driverslicense_t","Citizen_g",0,0,"+"
"211","b",24.33,6.625,"y","BankCustomer_p","EducationLevel_d","Ethicity_v",5.5,"PriorDefault_t","Employed_f",0,"Driverslicense_t","Citizen_s",100,0,"+"
"82","b",39.83,0.5,"u","BankCustomer_g","EducationLevel_m","Ethicity_v",0.25,"PriorDefault_t","Employed_f",0,"Driverslicense_f","Citizen_s",288,0,"-"
"91","b",31.42,15.5,"u","BankCustomer_g","EducationLevel_c","Ethicity_v",0.5,"PriorDefault_t","Employed_f",0,"Driverslicense_f","Citizen_g",120,0,"-"
"474","b",20.67,0.415,"u","BankCustomer_g","EducationLevel_c","Ethicity_v",0.125,"PriorDefault_f","Employed_f",0,"Driverslicense_f","Citizen_g",0,44,"-"
"142","b",43,0.29,"y","BankCustomer_p","EducationLevel_cc","Ethicity_h",1.75,"PriorDefault_t","Employed_t",8,"Driverslicense_f","Citizen_g",100,375,"+"
"674","a",37.33,2.5,"u","BankCustomer_g","EducationLevel_i","Ethicity_h",0.21,"PriorDefault_f","Employed_f",0,"Driverslicense_f","Citizen_g",260,246,"-"
"289","a",21.75,1.75,"y","BankCustomer_p","EducationLevel_j","Ethicity_j",0,"PriorDefault_f","Employed_f",0,"Driverslicense_f","Citizen_g",160,0,"-"
"114","b",20.67,1.25,"y","BankCustomer_p","EducationLevel_c","Ethicity_h",1.375,"PriorDefault_t","Employed_t",3,"Driverslicense_t","Citizen_g",140,210,"-"
"553","b",38.58,3.335,"u","BankCustomer_g","EducationLevel_w","Ethicity_v",4,"PriorDefault_t","Employed_t",14,"Driverslicense_f","Citizen_g",383,1344,"+"
"405","a",69.5,6,"u","BankCustomer_g","EducationLevel_ff","Ethicity_ff",0,"PriorDefault_f","Employed_f",0,"Driverslicense_f","Citizen_s",0,0,"-"
"180","b",47.67,0.29,"u","BankCustomer_g","EducationLevel_c","Ethicity_bb",15,"PriorDefault_t","Employed_t",20,"Driverslicense_f","Citizen_g",0,15000,"+"
"221","b",65.42,11,"u","BankCustomer_g","EducationLevel_e","Ethicity_z",20,"PriorDefault_t","Employed_t",7,"Driverslicense_t","Citizen_g",22,0,"+"
"342","b",26.92,2.25,"u","BankCustomer_g","EducationLevel_i","Ethicity_bb",0.5,"PriorDefault_f","Employed_f",0,"Driverslicense_t","Citizen_g",640,4000,"-"
"355","a",16,0.165,"u","BankCustomer_g","EducationLevel_aa","Ethicity_v",1,"PriorDefault_f","Employed_t",2,"Driverslicense_t","Citizen_g",320,1,"-"
"60","b",56.75,12.25,"u","BankCustomer_g","EducationLevel_m","Ethicity_v",1.25,"PriorDefault_t","Employed_t",4,"Driverslicense_t","Citizen_g",200,0,"+"
"663","b",32.08,4,"y","BankCustomer_p","EducationLevel_cc","Ethicity_v",1.5,"PriorDefault_f","Employed_f",0,"Driverslicense_t","Citizen_g",120,0,"-"
"201","a",41.33,1,"u","BankCustomer_g","EducationLevel_i","Ethicity_bb",2.25,"PriorDefault_t","Employed_f",0,"Driverslicense_t","Citizen_g",0,300,"+"
"13","b",48.08,6.04,"u","BankCustomer_g","EducationLevel_k","Ethicity_v",0.04,"PriorDefault_f","Employed_f",0,"Driverslicense_f","Citizen_g",0,2690,"+"
"27","b",56.58,18.5,"u","BankCustomer_g","EducationLevel_d","Ethicity_bb",15,"PriorDefault_t","Employed_t",17,"Driverslicense_t","Citizen_g",0,0,"+"
"484","b",34.67,1.08,"u","BankCustomer_g","EducationLevel_m","Ethicity_v",1.165,"PriorDefault_f","Employed_f",0,"Driverslicense_f","Citizen_s",28,0,"-"
"244","b",18.5,2,"u","BankCustomer_g","EducationLevel_i","Ethicity_v",1.5,"PriorDefault_t","Employed_t",2,"Driverslicense_f","Citizen_g",120,300,"+"
"421","b",20.42,1.085,"u","BankCustomer_g","EducationLevel_q","Ethicity_v",1.5,"PriorDefault_f","Employed_f",0,"Driverslicense_f","Citizen_g",108,7,"-"
"525","b",45.17,1.5,"u","BankCustomer_g","EducationLevel_c","Ethicity_v",2.5,"PriorDefault_t","Employed_f",0,"Driverslicense_t","Citizen_g",140,0,"-"
"440","b",23.08,0,"u","BankCustomer_g","EducationLevel_k","Ethicity_v",1,"PriorDefault_f","Employed_t",11,"Driverslicense_f","Citizen_s",0,0,"-"
"643","a",52.5,7,"u","BankCustomer_g","EducationLevel_aa","Ethicity_h",3,"PriorDefault_f","Employed_f",0,"Driverslicense_f","Citizen_g",0,0,"-"
"603","b",20.08,0.25,"u","BankCustomer_g","EducationLevel_q","Ethicity_v",0.125,"PriorDefault_f","Employed_f",0,"Driverslicense_f","Citizen_g",200,0,"-"
"647","b",24.08,9,"u","BankCustomer_g","EducationLevel_aa","Ethicity_v",0.25,"PriorDefault_f","Employed_f",0,"Driverslicense_t","Citizen_g",0,0,"-"
"610","b",20,1.25,"y","BankCustomer_p","EducationLevel_k","Ethicity_v",0.125,"PriorDefault_f","Employed_f",0,"Driverslicense_f","Citizen_g",140,4,"-"
"59","b",43.25,3,"u","BankCustomer_g","EducationLevel_q","Ethicity_h",6,"PriorDefault_t","Employed_t",11,"Driverslicense_f","Citizen_g",80,0,"+"
"172","b",56,12.5,"u","BankCustomer_g","EducationLevel_k","Ethicity_h",8,"PriorDefault_t","Employed_f",0,"Driverslicense_t","Citizen_g",24,2028,"+"
"189","a",33.08,4.625,"u","BankCustomer_g","EducationLevel_q","Ethicity_h",1.625,"PriorDefault_t","Employed_t",2,"Driverslicense_f","Citizen_g",0,0,"+"
"446","b",16.5,0.125,"u","BankCustomer_g","EducationLevel_c","Ethicity_v",0.165,"PriorDefault_f","Employed_f",0,"Driverslicense_f","Citizen_g",132,0,"-"
"649","a",35.17,3.75,"u","BankCustomer_g","EducationLevel_ff","Ethicity_ff",0,"PriorDefault_f","Employed_t",6,"Driverslicense_f","Citizen_g",0,200,"-"
"384","b",22.08,11.46,"u","BankCustomer_g","EducationLevel_k","Ethicity_v",1.585,"PriorDefault_f","Employed_f",0,"Driverslicense_t","Citizen_g",100,1212,"-"
"666","a",21.75,11.75,"u","BankCustomer_g","EducationLevel_c","Ethicity_v",0.25,"PriorDefault_f","Employed_f",0,"Driverslicense_t","Citizen_g",180,0,"-"
"586","b",64.08,20,"u","BankCustomer_g","EducationLevel_x","Ethicity_h",17.5,"PriorDefault_t","Employed_t",9,"Driverslicense_t","Citizen_g",0,1000,"+"
"239","b",38.17,10.125,"u","BankCustomer_g","EducationLevel_x","Ethicity_v",2.5,"PriorDefault_t","Employed_t",6,"Driverslicense_f","Citizen_g",520,196,"+"
"338","a",33.25,3,"y","BankCustomer_p","EducationLevel_aa","Ethicity_v",2,"PriorDefault_f","Employed_f",0,"Driverslicense_f","Citizen_g",180,0,"-"
"317","b",17.5,22,"l","BankCustomer_gg","EducationLevel_ff","Ethicity_o",0,"PriorDefault_f","Employed_f",0,"Driverslicense_t","Citizen_p",450,1e+05,"+"
"242","b",28.33,5,"u","BankCustomer_g","EducationLevel_w","Ethicity_v",11,"PriorDefault_t","Employed_f",0,"Driverslicense_t","Citizen_g",70,0,"+"
"493","a",20.5,11.835,"u","BankCustomer_g","EducationLevel_c","Ethicity_h",6,"PriorDefault_t","Employed_f",0,"Driverslicense_f","Citizen_g",340,0,"+"
"471","b",21.08,4.125,"y","BankCustomer_p","EducationLevel_i","Ethicity_h",0.04,"PriorDefault_f","Employed_f",0,"Driverslicense_f","Citizen_g",140,100,"-"
"618","b",29.58,4.75,"u","BankCustomer_g","EducationLevel_m","Ethicity_v",2,"PriorDefault_f","Employed_t",1,"Driverslicense_t","Citizen_g",460,68,"-"
"608","b",31.6297058823529,0.04,"y","BankCustomer_p","EducationLevel_d","Ethicity_v",4.25,"PriorDefault_f","Employed_f",0,"Driverslicense_t","Citizen_g",460,0,"-"
"572","b",21.92,0.54,"y","BankCustomer_p","EducationLevel_x","Ethicity_v",0.04,"PriorDefault_t","Employed_t",1,"Driverslicense_t","Citizen_g",840,59,"+"
"344","b",38.92,1.75,"u","BankCustomer_g","EducationLevel_k","Ethicity_v",0.5,"PriorDefault_f","Employed_f",0,"Driverslicense_t","Citizen_g",300,2,"-"
"301","b",18.25,0.165,"u","BankCustomer_g","EducationLevel_d","Ethicity_v",0.25,"PriorDefault_f","Employed_f",0,"Driverslicense_t","Citizen_s",280,0,"-"
"5","b",32.08,4,"u","BankCustomer_g","EducationLevel_m","Ethicity_v",2.5,"PriorDefault_t","Employed_f",0,"Driverslicense_t","Citizen_g",360,0,"+"
"548","b",33.17,1,"u","BankCustomer_g","EducationLevel_x","Ethicity_v",0.75,"PriorDefault_t","Employed_t",7,"Driverslicense_t","Citizen_g",340,4071,"+"
"650","b",48.08,3.75,"u","BankCustomer_g","EducationLevel_i","Ethicity_bb",1,"PriorDefault_f","Employed_f",0,"Driverslicense_f","Citizen_g",100,2,"-"
"469","b",16.33,4.085,"u","BankCustomer_g","EducationLevel_i","Ethicity_h",0.415,"PriorDefault_f","Employed_f",0,"Driverslicense_t","Citizen_g",120,0,"-"
"90","b",62.5,12.75,"y","BankCustomer_p","EducationLevel_c","Ethicity_h",5,"PriorDefault_t","Employed_f",0,"Driverslicense_f","Citizen_g",112,0,"-"
"288","b",18.83,0.415,"y","BankCustomer_p","EducationLevel_c","Ethicity_v",0.165,"PriorDefault_f","Employed_t",1,"Driverslicense_f","Citizen_g",200,1,"-"
"72","a",38.58,5,"u","BankCustomer_g","EducationLevel_cc","Ethicity_v",13.5,"PriorDefault_t","Employed_f",0,"Driverslicense_t","Citizen_g",980,0,"-"
"658","a",15.75,0.375,"u","BankCustomer_g","EducationLevel_c","Ethicity_v",1,"PriorDefault_f","Employed_f",0,"Driverslicense_f","Citizen_g",120,18,"-"
"140","a",31.25,3.75,"u","BankCustomer_g","EducationLevel_cc","Ethicity_h",0.625,"PriorDefault_t","Employed_t",9,"Driverslicense_t","Citizen_g",181,0,"+"
"322","a",33.67,0.375,"u","BankCustomer_g","EducationLevel_cc","Ethicity_v",0.375,"PriorDefault_f","Employed_f",0,"Driverslicense_f","Citizen_g",300,44,"+"
"641","b",33.17,2.25,"y","BankCustomer_p","EducationLevel_cc","Ethicity_v",3.5,"PriorDefault_f","Employed_f",0,"Driverslicense_t","Citizen_g",200,141,"-"
"651","a",15.83,7.625,"u","BankCustomer_g","EducationLevel_q","Ethicity_v",0.125,"PriorDefault_f","Employed_t",1,"Driverslicense_t","Citizen_g",0,160,"-"
"175","b",27,1.5,"y","BankCustomer_p","EducationLevel_w","Ethicity_v",0.375,"PriorDefault_t","Employed_f",0,"Driverslicense_t","Citizen_g",260,1065,"+"
"665","b",31.83,0.04,"y","BankCustomer_p","EducationLevel_m","Ethicity_v",0.04,"PriorDefault_f","Employed_f",0,"Driverslicense_f","Citizen_g",0,0,"-"
"413","b",40.58,1.5,"u","BankCustomer_g","EducationLevel_i","Ethicity_bb",0,"PriorDefault_f","Employed_f",0,"Driverslicense_f","Citizen_s",300,0,"-"
"278","b",24.58,13.5,"y","BankCustomer_p","EducationLevel_ff","Ethicity_ff",0,"PriorDefault_f","Employed_f",0,"Driverslicense_f","Citizen_g",176.463099630996,0,"-"
"260","b",32.75,2.335,"u","BankCustomer_g","EducationLevel_d","Ethicity_h",5.75,"PriorDefault_f","Employed_f",0,"Driverslicense_t","Citizen_g",292,0,"-"
"21","b",23.25,1,"u","BankCustomer_g","EducationLevel_c","Ethicity_v",0.835,"PriorDefault_t","Employed_f",0,"Driverslicense_f","Citizen_s",300,0,"+"
"40","b",34.17,9.17,"u","BankCustomer_g","EducationLevel_c","Ethicity_v",4.5,"PriorDefault_t","Employed_t",12,"Driverslicense_t","Citizen_g",0,221,"+"
"654","a",23.58,0.83,"u","BankCustomer_g","EducationLevel_q","Ethicity_v",0.415,"PriorDefault_f","Employed_t",1,"Driverslicense_t","Citizen_g",200,11,"-"
"559","a",22.83,2.29,"u","BankCustomer_g","EducationLevel_q","Ethicity_h",2.29,"PriorDefault_t","Employed_t",7,"Driverslicense_t","Citizen_g",140,2384,"+"
"138","a",18.83,9.5,"u","BankCustomer_g","EducationLevel_w","Ethicity_v",1.625,"PriorDefault_t","Employed_t",6,"Driverslicense_t","Citizen_g",40,600,"+"
"276","a",19.17,5.415,"u","BankCustomer_g","EducationLevel_i","Ethicity_h",0.29,"PriorDefault_f","Employed_f",0,"Driverslicense_f","Citizen_g",80,484,"-"
"35","b",27.83,1.5,"u","BankCustomer_g","EducationLevel_w","Ethicity_v",2,"PriorDefault_t","Employed_t",11,"Driverslicense_t","Citizen_g",434,35,"+"
"241","b",48.25,25.085,"u","BankCustomer_g","EducationLevel_w","Ethicity_v",1.75,"PriorDefault_t","Employed_t",3,"Driverslicense_f","Citizen_g",120,14,"+"
"4","b",20.17,5.625,"u","BankCustomer_g","EducationLevel_w","Ethicity_v",1.71,"PriorDefault_t","Employed_f",0,"Driverslicense_f","Citizen_s",120,0,"+"
"389","b",22.92,0.17,"u","BankCustomer_g","EducationLevel_m","Ethicity_v",0.085,"PriorDefault_f","Employed_f",0,"Driverslicense_f","Citizen_s",0,0,"-"
"167","a",32.33,0.54,"u","BankCustomer_g","EducationLevel_cc","Ethicity_v",0.04,"PriorDefault_t","Employed_f",0,"Driverslicense_f","Citizen_g",440,11177,"+"
"290","b",23,0.75,"u","BankCustomer_g","EducationLevel_m","Ethicity_v",0.5,"PriorDefault_f","Employed_f",0,"Driverslicense_t","Citizen_s",320,0,"-"
"171","b",41.33,0,"u","BankCustomer_g","EducationLevel_c","Ethicity_bb",15,"PriorDefault_t","Employed_f",0,"Driverslicense_f","Citizen_g",0,0,"+"
"258","a",20.75,9.54,"u","BankCustomer_g","EducationLevel_i","Ethicity_v",0.04,"PriorDefault_f","Employed_f",0,"Driverslicense_f","Citizen_g",200,1000,"-"
"148","a",30.5,6.5,"u","BankCustomer_g","EducationLevel_c","Ethicity_bb",4,"PriorDefault_t","Employed_t",7,"Driverslicense_t","Citizen_g",0,3065,"+"
"579","b",39.08,6,"u","BankCustomer_g","EducationLevel_m","Ethicity_v",1.29,"PriorDefault_t","Employed_t",5,"Driverslicense_t","Citizen_g",108,1097,"+"
"467","a",30.42,1.375,"u","BankCustomer_g","EducationLevel_w","Ethicity_h",0.04,"PriorDefault_f","Employed_t",3,"Driverslicense_f","Citizen_g",0,33,"-"
"350","a",26.17,2,"u","BankCustomer_g","EducationLevel_j","Ethicity_j",0,"PriorDefault_f","Employed_f",0,"Driverslicense_t","Citizen_g",276,1,"-"
"597","a",21.5,6,"u","BankCustomer_g","EducationLevel_aa","Ethicity_v",2.5,"PriorDefault_t","Employed_t",3,"Driverslicense_f","Citizen_g",80,918,"+"
"410","b",31.25,2.835,"u","BankCustomer_g","EducationLevel_ff","Ethicity_ff",0,"PriorDefault_f","Employed_t",5,"Driverslicense_f","Citizen_g",176,146,"-"
"3","b",27.83,1.54,"u","BankCustomer_g","EducationLevel_w","Ethicity_v",3.75,"PriorDefault_t","Employed_t",5,"Driverslicense_t","Citizen_g",100,3,"+"
"613","b",19.33,10.915,"u","BankCustomer_g","EducationLevel_c","Ethicity_bb",0.585,"PriorDefault_f","Employed_t",2,"Driverslicense_t","Citizen_g",200,7,"-"
"187","b",40.58,5,"u","BankCustomer_g","EducationLevel_c","Ethicity_v",5,"PriorDefault_t","Employed_t",7,"Driverslicense_f","Citizen_g",0,3065,"+"
"412","a",22.67,0.79,"u","BankCustomer_g","EducationLevel_i","Ethicity_v",0.085,"PriorDefault_f","Employed_f",0,"Driverslicense_f","Citizen_g",144,0,"-"
"73","b",44.25,0.5,"u","BankCustomer_g","EducationLevel_m","Ethicity_v",10.75,"PriorDefault_t","Employed_f",0,"Driverslicense_f","Citizen_s",400,0,"-"
"346","b",32.25,1.5,"u","BankCustomer_g","EducationLevel_c","Ethicity_v",0.25,"PriorDefault_f","Employed_f",0,"Driverslicense_t","Citizen_g",372,122,"-"
"385","b",34,5.5,"y","BankCustomer_p","EducationLevel_c","Ethicity_v",1.5,"PriorDefault_f","Employed_f",0,"Driverslicense_t","Citizen_g",60,0,"-"
"466","b",31.08,3.085,"u","BankCustomer_g","EducationLevel_c","Ethicity_v",2.5,"PriorDefault_f","Employed_t",2,"Driverslicense_t","Citizen_g",160,41,"-"
"30","b",29.25,14.79,"u","BankCustomer_g","EducationLevel_aa","Ethicity_v",5.04,"PriorDefault_t","Employed_t",5,"Driverslicense_t","Citizen_g",168,0,"+"
"227","a",22.5,8.46,"y","BankCustomer_p","EducationLevel_x","Ethicity_v",2.46,"PriorDefault_f","Employed_f",0,"Driverslicense_f","Citizen_g",164,0,"+"
"675","a",41.58,1.04,"u","BankCustomer_g","EducationLevel_aa","Ethicity_v",0.665,"PriorDefault_f","Employed_f",0,"Driverslicense_f","Citizen_g",240,237,"-"
"249","b",21.83,11,"u","BankCustomer_g","EducationLevel_x","Ethicity_v",0.29,"PriorDefault_t","Employed_t",6,"Driverslicense_f","Citizen_g",121,0,"+"
"80","b",49.58,19,"u","BankCustomer_g","EducationLevel_ff","Ethicity_ff",0,"PriorDefault_t","Employed_t",1,"Driverslicense_f","Citizen_g",94,0,"-"
"228","b",19.67,0.375,"u","BankCustomer_g","EducationLevel_q","Ethicity_v",2,"PriorDefault_t","Employed_t",2,"Driverslicense_t","Citizen_g",80,0,"+"
"308","b",27.75,1.29,"u","BankCustomer_g","EducationLevel_k","Ethicity_h",0.25,"PriorDefault_f","Employed_f",0,"Driverslicense_t","Citizen_s",140,0,"-"
"526","b",41.58,1.75,"u","BankCustomer_g","EducationLevel_k","Ethicity_v",0.21,"PriorDefault_t","Employed_f",0,"Driverslicense_f","Citizen_g",160,0,"-"
"10","b",22.08,0.83,"u","BankCustomer_g","EducationLevel_c","Ethicity_h",2.165,"PriorDefault_f","Employed_f",0,"Driverslicense_t","Citizen_g",128,0,"+"
"102","b",18.67,5,"u","BankCustomer_g","EducationLevel_q","Ethicity_v",0.375,"PriorDefault_t","Employed_t",2,"Driverslicense_f","Citizen_g",0,38,"-"
"609","b",47.83,4.165,"u","BankCustomer_g","EducationLevel_x","Ethicity_bb",0.085,"PriorDefault_f","Employed_f",0,"Driverslicense_t","Citizen_g",520,0,"-"
"468","b",22.08,2.335,"u","BankCustomer_g","EducationLevel_k","Ethicity_v",0.75,"PriorDefault_f","Employed_f",0,"Driverslicense_f","Citizen_g",180,0,"-"
"406","a",40.33,8.125,"y","BankCustomer_p","EducationLevel_k","Ethicity_v",0.165,"PriorDefault_f","Employed_t",2,"Driverslicense_f","Citizen_g",176.463099630996,18,"-"
"436","b",19.58,0.585,"u","BankCustomer_g","EducationLevel_ff","Ethicity_ff",0,"PriorDefault_f","Employed_t",3,"Driverslicense_f","Citizen_g",350,769,"-"
"448","b",31.25,1.125,"u","BankCustomer_g","EducationLevel_ff","Ethicity_ff",0,"PriorDefault_f","Employed_t",1,"Driverslicense_f","Citizen_g",96,19,"-"
"537","b",35.25,3.165,"u","BankCustomer_g","EducationLevel_x","Ethicity_h",3.75,"PriorDefault_t","Employed_f",0,"Driverslicense_t","Citizen_g",680,0,"-"
"184","a",22.42,5.665,"u","BankCustomer_g","EducationLevel_q","Ethicity_v",2.585,"PriorDefault_t","Employed_t",7,"Driverslicense_f","Citizen_g",129,3257,"+"
"520","b",20.42,7.5,"u","BankCustomer_g","EducationLevel_k","Ethicity_v",1.5,"PriorDefault_t","Employed_t",1,"Driverslicense_f","Citizen_g",160,234,"+"
"144","b",27.25,1.665,"u","BankCustomer_g","EducationLevel_cc","Ethicity_h",5.085,"PriorDefault_t","Employed_t",9,"Driverslicense_f","Citizen_g",399,827,"+"
"20","b",25,11.25,"u","BankCustomer_g","EducationLevel_c","Ethicity_v",2.5,"PriorDefault_t","Employed_t",17,"Driverslicense_f","Citizen_g",200,1208,"+"
"639","b",35.58,0.75,"u","BankCustomer_g","EducationLevel_k","Ethicity_v",1.5,"PriorDefault_f","Employed_f",0,"Driverslicense_t","Citizen_g",231,0,"-"
"153","b",23.08,2.5,"u","BankCustomer_g","EducationLevel_c","Ethicity_v",1.085,"PriorDefault_t","Employed_t",11,"Driverslicense_t","Citizen_g",60,2184,"+"
"358","b",32.42,3,"u","BankCustomer_g","EducationLevel_d","Ethicity_v",0.165,"PriorDefault_f","Employed_f",0,"Driverslicense_t","Citizen_g",120,0,"-"
"660","b",22.25,9,"u","BankCustomer_g","EducationLevel_aa","Ethicity_v",0.085,"PriorDefault_f","Employed_f",0,"Driverslicense_f","Citizen_g",0,0,"-"
"121","b",25.67,12.5,"u","BankCustomer_g","EducationLevel_cc","Ethicity_v",1.21,"PriorDefault_t","Employed_t",67,"Driverslicense_t","Citizen_g",140,258,"+"
"424","b",33.67,2.165,"u","BankCustomer_g","EducationLevel_c","Ethicity_v",1.5,"PriorDefault_f","Employed_f",0,"Driverslicense_f","Citizen_p",120,0,"-"
"226","b",18.08,5.5,"u","BankCustomer_g","EducationLevel_k","Ethicity_v",0.5,"PriorDefault_t","Employed_f",0,"Driverslicense_f","Citizen_g",80,0,"+"
"655","a",21.08,5,"y","BankCustomer_p","EducationLevel_ff","Ethicity_ff",0,"PriorDefault_f","Employed_f",0,"Driverslicense_f","Citizen_g",0,0,"-"
"398","b",26.17,12.5,"y","BankCustomer_p","EducationLevel_k","Ethicity_h",1.25,"PriorDefault_f","Employed_f",0,"Driverslicense_t","Citizen_g",0,17,"-"
"272","b",18.08,6.75,"y","BankCustomer_p","EducationLevel_m","Ethicity_v",0.04,"PriorDefault_f","Employed_f",0,"Driverslicense_f","Citizen_g",140,0,"-"
"511","a",46,4,"u","BankCustomer_g","EducationLevel_j","Ethicity_j",0,"PriorDefault_t","Employed_f",0,"Driverslicense_f","Citizen_g",100,960,"+"
"418","b",38.42,0.705,"u","BankCustomer_g","EducationLevel_c","Ethicity_v",0.375,"PriorDefault_f","Employed_t",2,"Driverslicense_f","Citizen_g",225,500,"-"
"12","a",38.25,6,"u","BankCustomer_g","EducationLevel_k","Ethicity_v",1,"PriorDefault_t","Employed_f",0,"Driverslicense_t","Citizen_g",0,0,"+"
"188","a",28.67,1.04,"u","BankCustomer_g","EducationLevel_c","Ethicity_v",2.5,"PriorDefault_t","Employed_t",5,"Driverslicense_t","Citizen_g",300,1430,"+"
"9","b",42.5,4.915,"y","BankCustomer_p","EducationLevel_w","Ethicity_v",3.165,"PriorDefault_t","Employed_f",0,"Driverslicense_t","Citizen_g",52,1442,"+"
"192","b",41.75,0.96,"u","BankCustomer_g","EducationLevel_x","Ethicity_v",2.5,"PriorDefault_t","Employed_f",0,"Driverslicense_f","Citizen_g",510,600,"+"
"109","a",19.75,0.75,"u","BankCustomer_g","EducationLevel_c","Ethicity_v",0.795,"PriorDefault_t","Employed_t",5,"Driverslicense_t","Citizen_g",140,5,"-"
"112","b",24.58,12.5,"u","BankCustomer_g","EducationLevel_w","Ethicity_v",0.875,"PriorDefault_t","Employed_f",0,"Driverslicense_t","Citizen_g",260,0,"-"
"129","a",28.42,3.5,"u","BankCustomer_g","EducationLevel_w","Ethicity_v",0.835,"PriorDefault_t","Employed_f",0,"Driverslicense_f","Citizen_s",280,0,"+"
"499","b",20.42,7,"u","BankCustomer_g","EducationLevel_c","Ethicity_v",1.625,"PriorDefault_t","Employed_t",3,"Driverslicense_f","Citizen_g",200,1391,"+"
"103","b",25,12,"u","BankCustomer_g","EducationLevel_k","Ethicity_v",2.25,"PriorDefault_t","Employed_t",2,"Driverslicense_t","Citizen_g",120,5,"-"
"604","b",23.42,0.585,"u","BankCustomer_g","EducationLevel_c","Ethicity_h",0.085,"PriorDefault_t","Employed_f",0,"Driverslicense_f","Citizen_g",180,0,"-"
"619","b",18.42,10.415,"y","BankCustomer_p","EducationLevel_aa","Ethicity_v",0.125,"PriorDefault_t","Employed_f",0,"Driverslicense_f","Citizen_g",120,375,"-"
"435","b",19,0,"y","BankCustomer_p","EducationLevel_ff","Ethicity_ff",0,"PriorDefault_f","Employed_t",4,"Driverslicense_f","Citizen_g",45,1,"-"
"379","b",33.58,0.25,"u","BankCustomer_g","EducationLevel_i","Ethicity_bb",4,"PriorDefault_f","Employed_f",0,"Driverslicense_t","Citizen_s",420,0,"-"
"116","b",37.75,7,"u","BankCustomer_g","EducationLevel_q","Ethicity_h",11.5,"PriorDefault_t","Employed_t",7,"Driverslicense_t","Citizen_g",300,5,"-"
"294","a",16.08,0.335,"u","BankCustomer_g","EducationLevel_ff","Ethicity_ff",0,"PriorDefault_f","Employed_t",1,"Driverslicense_f","Citizen_g",160,126,"-"
"341","b",42.75,4.085,"u","BankCustomer_g","EducationLevel_aa","Ethicity_v",0.04,"PriorDefault_f","Employed_f",0,"Driverslicense_f","Citizen_g",108,100,"-"
"291","a",18.25,10,"u","BankCustomer_g","EducationLevel_w","Ethicity_v",1,"PriorDefault_f","Employed_t",1,"Driverslicense_f","Citizen_g",120,1,"-"
"533","b",40.92,0.835,"u","BankCustomer_g","EducationLevel_ff","Ethicity_ff",0,"PriorDefault_t","Employed_f",0,"Driverslicense_f","Citizen_g",130,1,"-"
"303","a",15.92,2.875,"u","BankCustomer_g","EducationLevel_q","Ethicity_v",0.085,"PriorDefault_f","Employed_f",0,"Driverslicense_f","Citizen_g",120,0,"-"
"441","b",39.58,5,"u","BankCustomer_g","EducationLevel_ff","Ethicity_ff",0,"PriorDefault_f","Employed_t",2,"Driverslicense_f","Citizen_g",17,1,"-"
"395","a",33.08,1.625,"u","BankCustomer_g","EducationLevel_d","Ethicity_v",0.54,"PriorDefault_f","Employed_f",0,"Driverslicense_t","Citizen_g",0,0,"-"
"222","a",17.58,9,"u","BankCustomer_g","EducationLevel_aa","Ethicity_v",1.375,"PriorDefault_t","Employed_f",0,"Driverslicense_t","Citizen_g",0,0,"+"
"52","b",37.42,2.04,"u","BankCustomer_g","EducationLevel_w","Ethicity_v",0.04,"PriorDefault_t","Employed_f",0,"Driverslicense_t","Citizen_g",400,5800,"+"
"145","b",32.83,2.5,"u","BankCustomer_g","EducationLevel_cc","Ethicity_h",2.75,"PriorDefault_t","Employed_t",6,"Driverslicense_f","Citizen_g",160,2072,"+"
"561","b",26.75,1.125,"u","BankCustomer_g","EducationLevel_x","Ethicity_h",1.25,"PriorDefault_t","Employed_f",0,"Driverslicense_f","Citizen_g",0,5298,"+"
"319","b",36.75,0.125,"y","BankCustomer_p","EducationLevel_c","Ethicity_v",1.5,"PriorDefault_f","Employed_f",0,"Driverslicense_t","Citizen_g",232,113,"+"
"156","a",28.5,3.04,"y","BankCustomer_p","EducationLevel_x","Ethicity_h",2.54,"PriorDefault_t","Employed_t",1,"Driverslicense_f","Citizen_g",70,0,"+"
"98","a",22.5,11,"y","BankCustomer_p","EducationLevel_q","Ethicity_v",3,"PriorDefault_t","Employed_f",0,"Driverslicense_t","Citizen_g",268,0,"-"
"235","a",20.67,1.835,"u","BankCustomer_g","EducationLevel_q","Ethicity_v",2.085,"PriorDefault_t","Employed_t",5,"Driverslicense_f","Citizen_g",220,2503,"+"
"443","b",17.25,3,"u","BankCustomer_g","EducationLevel_k","Ethicity_v",0.04,"PriorDefault_f","Employed_f",0,"Driverslicense_t","Citizen_g",160,40,"-"
"17","a",23.25,5.875,"u","BankCustomer_g","EducationLevel_q","Ethicity_v",3.17,"PriorDefault_t","Employed_t",10,"Driverslicense_f","Citizen_g",120,245,"+"
"78","b",21.67,1.165,"y","BankCustomer_p","EducationLevel_k","Ethicity_v",2.5,"PriorDefault_t","Employed_t",1,"Driverslicense_f","Citizen_g",180,20,"-"
"382","a",24.33,2.5,"y","BankCustomer_p","EducationLevel_i","Ethicity_bb",4.5,"PriorDefault_f","Employed_f",0,"Driverslicense_f","Citizen_g",200,456,"-"
"48","b",41.5,1.54,"u","BankCustomer_g","EducationLevel_i","Ethicity_bb",3.5,"PriorDefault_f","Employed_f",0,"Driverslicense_f","Citizen_g",216,0,"+"
"327","b",40.83,3.5,"u","BankCustomer_g","EducationLevel_i","Ethicity_bb",0.5,"PriorDefault_f","Employed_f",0,"Driverslicense_f","Citizen_s",1160,0,"-"
"196","b",33.17,3.165,"y","BankCustomer_p","EducationLevel_x","Ethicity_v",3.165,"PriorDefault_t","Employed_t",3,"Driverslicense_t","Citizen_g",380,0,"+"
"482","a",17.33,9.5,"u","BankCustomer_g","EducationLevel_aa","Ethicity_v",1.75,"PriorDefault_f","Employed_t",10,"Driverslicense_t","Citizen_g",0,10,"-"
"479","b",26.5,2.71,"y","BankCustomer_p","EducationLevel_c","Ethicity_v",0.085,"PriorDefault_f","Employed_f",0,"Driverslicense_f","Citizen_s",80,0,"-"
"131","b",20.42,1.835,"u","BankCustomer_g","EducationLevel_c","Ethicity_v",2.25,"PriorDefault_t","Employed_t",1,"Driverslicense_f","Citizen_g",100,150,"+"
"181","a",21.25,2.335,"u","BankCustomer_g","EducationLevel_i","Ethicity_bb",0.5,"PriorDefault_t","Employed_t",4,"Driverslicense_f","Citizen_s",80,0,"+"
"277","a",18.17,10,"y","BankCustomer_p","EducationLevel_q","Ethicity_h",0.165,"PriorDefault_f","Employed_f",0,"Driverslicense_f","Citizen_g",340,0,"-"
"173","a",49.83,13.585,"u","BankCustomer_g","EducationLevel_k","Ethicity_h",8.5,"PriorDefault_t","Employed_f",0,"Driverslicense_t","Citizen_g",0,0,"+"
"575","b",32.25,0.165,"y","BankCustomer_p","EducationLevel_c","Ethicity_h",3.25,"PriorDefault_t","Employed_t",1,"Driverslicense_t","Citizen_g",432,8000,"+"
"58","b",35.17,4.5,"u","BankCustomer_g","EducationLevel_x","Ethicity_h",5.75,"PriorDefault_f","Employed_f",0,"Driverslicense_t","Citizen_s",711,0,"+"
"497","b",20.17,9.25,"u","BankCustomer_g","EducationLevel_c","Ethicity_v",1.665,"PriorDefault_t","Employed_t",3,"Driverslicense_t","Citizen_g",40,28,"+"
"107","a",25,11,"y","BankCustomer_p","EducationLevel_aa","Ethicity_v",4.5,"PriorDefault_t","Employed_f",0,"Driverslicense_f","Citizen_g",120,0,"-"
"498","b",25.75,0.5,"u","BankCustomer_g","EducationLevel_c","Ethicity_v",1.46,"PriorDefault_t","Employed_t",5,"Driverslicense_t","Citizen_g",312,0,"+"
"669","b",51.83,2.04,"y","BankCustomer_p","EducationLevel_ff","Ethicity_ff",1.5,"PriorDefault_f","Employed_f",0,"Driverslicense_f","Citizen_g",120,1,"-"
"215","b",48.17,3.5,"u","BankCustomer_g","EducationLevel_aa","Ethicity_v",3.5,"PriorDefault_t","Employed_f",0,"Driverslicense_f","Citizen_s",230,0,"+"
"472","b",17.42,6.5,"u","BankCustomer_g","EducationLevel_i","Ethicity_v",0.125,"PriorDefault_f","Employed_f",0,"Driverslicense_f","Citizen_g",60,100,"-"
"281","b",23.92,0.585,"y","BankCustomer_p","EducationLevel_cc","Ethicity_h",0.125,"PriorDefault_f","Employed_f",0,"Driverslicense_f","Citizen_g",240,1,"-"
"264","b",50.75,0.585,"u","BankCustomer_g","EducationLevel_ff","Ethicity_ff",0,"PriorDefault_f","Employed_f",0,"Driverslicense_f","Citizen_g",145,0,"-"
"447","a",27.33,1.665,"u","BankCustomer_g","EducationLevel_ff","Ethicity_ff",0,"PriorDefault_f","Employed_f",0,"Driverslicense_f","Citizen_g",340,1,"-"
"547","b",23.92,1.5,"u","BankCustomer_g","EducationLevel_d","Ethicity_h",1.875,"PriorDefault_t","Employed_t",6,"Driverslicense_f","Citizen_g",200,327,"+"
"532","b",43.17,2.25,"u","BankCustomer_g","EducationLevel_i","Ethicity_bb",0.75,"PriorDefault_t","Employed_f",0,"Driverslicense_f","Citizen_g",560,0,"-"
"252","a",17.83,11,"u","BankCustomer_g","EducationLevel_x","Ethicity_h",1,"PriorDefault_t","Employed_t",11,"Driverslicense_f","Citizen_g",0,3000,"+"
"93","b",52.33,1.375,"y","BankCustomer_p","EducationLevel_c","Ethicity_h",9.46,"PriorDefault_t","Employed_f",0,"Driverslicense_t","Citizen_g",200,100,"-"
"18","b",21.83,0.25,"u","BankCustomer_g","EducationLevel_d","Ethicity_h",0.665,"PriorDefault_t","Employed_f",0,"Driverslicense_t","Citizen_g",0,0,"+"
"115","a",25.42,1.125,"u","BankCustomer_g","EducationLevel_q","Ethicity_v",1.29,"PriorDefault_t","Employed_t",2,"Driverslicense_f","Citizen_g",200,0,"-"
"523","a",22.5,8.5,"u","BankCustomer_g","EducationLevel_q","Ethicity_v",1.75,"PriorDefault_t","Employed_t",10,"Driverslicense_f","Citizen_g",80,990,"-"
"408","b",16,3.125,"u","BankCustomer_g","EducationLevel_w","Ethicity_v",0.085,"PriorDefault_f","Employed_t",1,"Driverslicense_f","Citizen_g",0,6,"-"
"195","b",28.25,5.04,"y","BankCustomer_p","EducationLevel_c","Ethicity_bb",1.5,"PriorDefault_t","Employed_t",8,"Driverslicense_t","Citizen_g",144,7,"+"
"166","b",19.33,9.5,"u","BankCustomer_g","EducationLevel_q","Ethicity_v",1,"PriorDefault_t","Employed_f",0,"Driverslicense_t","Citizen_g",60,400,"+"
"231","a",47.42,3,"u","BankCustomer_g","EducationLevel_x","Ethicity_v",13.875,"PriorDefault_t","Employed_t",2,"Driverslicense_t","Citizen_g",519,1704,"+"
"37","a",23,11.75,"u","BankCustomer_g","EducationLevel_x","Ethicity_h",0.5,"PriorDefault_t","Employed_t",2,"Driverslicense_t","Citizen_g",300,551,"+"
"570","b",59.5,2.75,"u","BankCustomer_g","EducationLevel_w","Ethicity_v",1.75,"PriorDefault_t","Employed_t",5,"Driverslicense_t","Citizen_g",60,58,"+"
"261","a",52.17,0,"y","BankCustomer_p","EducationLevel_ff","Ethicity_ff",0,"PriorDefault_f","Employed_f",0,"Driverslicense_f","Citizen_g",0,0,"-"
"531","a",24.58,0.67,"u","BankCustomer_g","EducationLevel_aa","Ethicity_h",1.75,"PriorDefault_t","Employed_f",0,"Driverslicense_f","Citizen_g",400,0,"-"
"349","b",27.83,1.5,"u","BankCustomer_g","EducationLevel_w","Ethicity_v",2.25,"PriorDefault_f","Employed_t",1,"Driverslicense_t","Citizen_g",100,3,"-"
"477","b",39.17,2.5,"y","BankCustomer_p","EducationLevel_i","Ethicity_h",10,"PriorDefault_f","Employed_f",0,"Driverslicense_t","Citizen_s",200,0,"-"
"238","b",42.83,4.625,"u","BankCustomer_g","EducationLevel_q","Ethicity_v",4.58,"PriorDefault_t","Employed_f",0,"Driverslicense_f","Citizen_s",0,0,"+"
"135","b",48.58,6.5,"u","BankCustomer_g","EducationLevel_q","Ethicity_h",6,"PriorDefault_t","Employed_f",0,"Driverslicense_t","Citizen_g",350,0,"+"
"204","b",36.33,2.125,"y","BankCustomer_p","EducationLevel_w","Ethicity_v",0.085,"PriorDefault_t","Employed_t",1,"Driverslicense_f","Citizen_g",50,1187,"+"
"577","b",25.17,6,"u","BankCustomer_g","EducationLevel_c","Ethicity_v",1,"PriorDefault_t","Employed_t",3,"Driverslicense_f","Citizen_g",0,0,"+"
"369","b",21.42,0.75,"y","BankCustomer_p","EducationLevel_r","Ethicity_n",0.75,"PriorDefault_f","Employed_f",0,"Driverslicense_t","Citizen_g",132,2,"-"
"65","b",34.17,1.54,"u","BankCustomer_g","EducationLevel_cc","Ethicity_v",1.54,"PriorDefault_t","Employed_t",1,"Driverslicense_t","Citizen_g",520,50000,"+"
"429","b",33.58,0.335,"y","BankCustomer_p","EducationLevel_cc","Ethicity_v",0.085,"PriorDefault_f","Employed_f",0,"Driverslicense_f","Citizen_g",180,0,"-"
"642","b",31.58,0.75,"y","BankCustomer_p","EducationLevel_aa","Ethicity_v",3.5,"PriorDefault_f","Employed_f",0,"Driverslicense_t","Citizen_g",320,0,"-"
"612","b",22,0.79,"u","BankCustomer_g","EducationLevel_w","Ethicity_v",0.29,"PriorDefault_f","Employed_t",1,"Driverslicense_f","Citizen_g",420,283,"-"
"293","b",35.75,2.415,"u","BankCustomer_g","EducationLevel_w","Ethicity_v",0.125,"PriorDefault_f","Employed_t",2,"Driverslicense_f","Citizen_g",220,1,"-"
"451","b",39.5,1.625,"u","BankCustomer_g","EducationLevel_c","Ethicity_v",1.5,"PriorDefault_f","Employed_f",0,"Driverslicense_f","Citizen_g",0,316,"-"
"292","b",25.42,0.54,"u","BankCustomer_g","EducationLevel_w","Ethicity_v",0.165,"PriorDefault_f","Employed_t",1,"Driverslicense_f","Citizen_g",272,444,"-"
"542","b",19.67,10,"y","BankCustomer_p","EducationLevel_k","Ethicity_h",0.835,"PriorDefault_t","Employed_f",0,"Driverslicense_t","Citizen_g",140,0,"-"
"0","b",30.83,0,"u","BankCustomer_g","EducationLevel_w","Ethicity_v",1.25,"PriorDefault_t","Employed_t",1,"Driverslicense_f","Citizen_g",202,0,"+"
"95","a",28.58,3.54,"u","BankCustomer_g","EducationLevel_i","Ethicity_bb",0.5,"PriorDefault_t","Employed_f",0,"Driverslicense_t","Citizen_g",171,0,"-"
"321","a",18.08,0.375,"l","BankCustomer_gg","EducationLevel_cc","Ethicity_ff",10,"PriorDefault_f","Employed_f",0,"Driverslicense_t","Citizen_s",300,0,"+"
"347","b",26.75,4.5,"y","BankCustomer_p","EducationLevel_c","Ethicity_bb",2.5,"PriorDefault_f","Employed_f",0,"Driverslicense_f","Citizen_g",200,1210,"-"
"427","b",37.5,0.835,"u","BankCustomer_g","EducationLevel_e","Ethicity_v",0.04,"PriorDefault_f","Employed_f",0,"Driverslicense_f","Citizen_g",120,5,"-"
"416","b",22.5,0.125,"y","BankCustomer_p","EducationLevel_k","Ethicity_v",0.125,"PriorDefault_f","Employed_f",0,"Driverslicense_f","Citizen_g",200,70,"-"
"57","b",44.33,0.5,"u","BankCustomer_g","EducationLevel_i","Ethicity_h",5,"PriorDefault_t","Employed_f",0,"Driverslicense_t","Citizen_g",320,0,"+"
"622","a",25.58,0,"u","BankCustomer_g","EducationLevel_c","Ethicity_v",0,"PriorDefault_f","Employed_f",0,"Driverslicense_f","Citizen_p",176.463099630996,0,"+"
"149","a",52.83,15,"u","BankCustomer_g","EducationLevel_c","Ethicity_v",5.5,"PriorDefault_t","Employed_t",14,"Driverslicense_f","Citizen_g",0,2200,"+"
"352","b",22.5,11.5,"y","BankCustomer_p","EducationLevel_m","Ethicity_v",1.5,"PriorDefault_f","Employed_f",0,"Driverslicense_t","Citizen_g",0,4000,"-"
"283","a",16.5,1.25,"u","BankCustomer_g","EducationLevel_q","Ethicity_v",0.25,"PriorDefault_f","Employed_t",1,"Driverslicense_f","Citizen_g",108,98,"-"
"85","b",37.17,4,"u","BankCustomer_g","EducationLevel_c","Ethicity_bb",5,"PriorDefault_t","Employed_f",0,"Driverslicense_t","Citizen_s",280,0,"-"
"123","a",44.17,6.665,"u","BankCustomer_g","EducationLevel_q","Ethicity_v",7.375,"PriorDefault_t","Employed_t",3,"Driverslicense_t","Citizen_g",0,0,"+"
"668","b",30.33,0.5,"u","BankCustomer_g","EducationLevel_d","Ethicity_h",0.085,"PriorDefault_f","Employed_f",0,"Driverslicense_t","Citizen_s",252,0,"-"
"480","a",16.92,0.5,"u","BankCustomer_g","EducationLevel_i","Ethicity_v",0.165,"PriorDefault_f","Employed_t",6,"Driverslicense_t","Citizen_g",240,35,"-"
"587","b",51.58,15,"u","BankCustomer_g","EducationLevel_c","Ethicity_v",8.5,"PriorDefault_t","Employed_t",9,"Driverslicense_f","Citizen_g",0,0,"+"
"485","b",74.83,19,"y","BankCustomer_p","EducationLevel_ff","Ethicity_ff",0.04,"PriorDefault_f","Employed_t",2,"Driverslicense_f","Citizen_g",0,351,"-"
"266","b",18.33,1.21,"y","BankCustomer_p","EducationLevel_e","Ethicity_dd",0,"PriorDefault_f","Employed_f",0,"Driverslicense_f","Citizen_g",100,0,"-"
"445","a",31.6297058823529,11.25,"u","BankCustomer_g","EducationLevel_ff","Ethicity_ff",0,"PriorDefault_f","Employed_f",0,"Driverslicense_f","Citizen_g",176.463099630996,5200,"-"
"689","b",35,3.375,"u","BankCustomer_g","EducationLevel_c","Ethicity_h",8.29,"PriorDefault_f","Employed_f",0,"Driverslicense_t","Citizen_g",0,0,"-"
"44","b",56.42,28,"y","BankCustomer_p","EducationLevel_c","Ethicity_v",28.5,"PriorDefault_t","Employed_t",40,"Driverslicense_f","Citizen_g",0,15,"+"
"268","b",59.67,1.54,"u","BankCustomer_g","EducationLevel_q","Ethicity_v",0.125,"PriorDefault_t","Employed_f",0,"Driverslicense_t","Citizen_g",260,0,"+"
"475","b",26.75,2,"u","BankCustomer_g","EducationLevel_d","Ethicity_v",0.75,"PriorDefault_f","Employed_f",0,"Driverslicense_t","Citizen_g",80,0,"-"
"284","b",23.25,12.625,"u","BankCustomer_g","EducationLevel_c","Ethicity_v",0.125,"PriorDefault_f","Employed_t",2,"Driverslicense_f","Citizen_g",0,5552,"-"
"38","b",27.75,0.585,"y","BankCustomer_p","EducationLevel_cc","Ethicity_v",0.25,"PriorDefault_t","Employed_t",2,"Driverslicense_f","Citizen_g",260,500,"+"
"100","b",37.5,1.75,"y","BankCustomer_p","EducationLevel_c","Ethicity_bb",0.25,"PriorDefault_t","Employed_f",0,"Driverslicense_t","Citizen_g",164,400,"-"
"66","a",36,1,"u","BankCustomer_g","EducationLevel_c","Ethicity_v",2,"PriorDefault_t","Employed_t",11,"Driverslicense_f","Citizen_g",0,456,"+"
"481","b",23.5,3.165,"y","BankCustomer_p","EducationLevel_k","Ethicity_v",0.415,"PriorDefault_f","Employed_t",1,"Driverslicense_t","Citizen_g",280,80,"-"
"183","a",57.08,19.5,"u","BankCustomer_g","EducationLevel_c","Ethicity_v",5.5,"PriorDefault_t","Employed_t",7,"Driverslicense_f","Citizen_g",0,3000,"+"
"554","a",22.42,11.25,"y","BankCustomer_p","EducationLevel_x","Ethicity_h",0.75,"PriorDefault_t","Employed_t",4,"Driverslicense_f","Citizen_g",0,321,"+"
"127","b",22.75,11,"u","BankCustomer_g","EducationLevel_q","Ethicity_v",2.5,"PriorDefault_t","Employed_t",7,"Driverslicense_t","Citizen_g",100,809,"+"
"177","a",26.08,8.665,"u","BankCustomer_g","EducationLevel_aa","Ethicity_v",1.415,"PriorDefault_t","Employed_f",0,"Driverslicense_f","Citizen_g",160,150,"+"
"371","b",26.33,13,"u","BankCustomer_g","EducationLevel_e","Ethicity_dd",0,"PriorDefault_f","Employed_f",0,"Driverslicense_t","Citizen_g",140,1110,"-"
"473","b",19.17,4,"y","BankCustomer_p","EducationLevel_i","Ethicity_v",1,"PriorDefault_f","Employed_f",0,"Driverslicense_t","Citizen_g",360,1000,"-"
"205","a",35.42,12,"u","BankCustomer_g","EducationLevel_q","Ethicity_h",14,"PriorDefault_t","Employed_t",8,"Driverslicense_f","Citizen_g",0,6590,"+"
"245","b",33.17,3.04,"y","BankCustomer_p","EducationLevel_c","Ethicity_h",2.04,"PriorDefault_t","Employed_t",1,"Driverslicense_t","Citizen_g",180,18027,"+"
"545","b",44.25,11,"y","BankCustomer_p","EducationLevel_d","Ethicity_v",1.5,"PriorDefault_t","Employed_f",0,"Driverslicense_f","Citizen_s",0,0,"-"
"210","b",39.33,5.875,"u","BankCustomer_g","EducationLevel_cc","Ethicity_h",10,"PriorDefault_t","Employed_t",14,"Driverslicense_t","Citizen_g",399,0,"+"
"43","b",39.58,13.915,"u","BankCustomer_g","EducationLevel_w","Ethicity_v",8.625,"PriorDefault_t","Employed_t",6,"Driverslicense_t","Citizen_g",70,0,"+"
"576","b",30.17,0.5,"u","BankCustomer_g","EducationLevel_c","Ethicity_v",1.75,"PriorDefault_t","Employed_t",11,"Driverslicense_f","Citizen_g",32,540,"+"
"185","b",48.75,8.5,"u","BankCustomer_g","EducationLevel_c","Ethicity_h",12.5,"PriorDefault_t","Employed_t",9,"Driverslicense_f","Citizen_g",181,1655,"+"
"330","b",20.42,0,"u","BankCustomer_g","EducationLevel_c","Ethicity_v",0,"PriorDefault_f","Employed_f",0,"Driverslicense_f","Citizen_p",176.463099630996,0,"-"
"6","b",33.17,1.04,"u","BankCustomer_g","EducationLevel_r","Ethicity_h",6.5,"PriorDefault_t","Employed_f",0,"Driverslicense_t","Citizen_g",164,31285,"+"
"225","b",23.25,4,"u","BankCustomer_g","EducationLevel_c","Ethicity_bb",0.25,"PriorDefault_t","Employed_f",0,"Driverslicense_t","Citizen_g",160,0,"+"
"174","b",22.67,10.5,"u","BankCustomer_g","EducationLevel_q","Ethicity_h",1.335,"PriorDefault_t","Employed_f",0,"Driverslicense_f","Citizen_g",100,0,"+"
"521","a",30,5.29,"u","BankCustomer_g","EducationLevel_e","Ethicity_dd",2.25,"PriorDefault_t","Employed_t",5,"Driverslicense_t","Citizen_g",99,500,"+"
"154","b",32.75,1.5,"u","BankCustomer_g","EducationLevel_cc","Ethicity_h",5.5,"PriorDefault_t","Employed_t",3,"Driverslicense_t","Citizen_g",0,0,"+"
"329","b",31.6297058823529,4,"y","BankCustomer_p","EducationLevel_i","Ethicity_v",0.085,"PriorDefault_f","Employed_f",0,"Driverslicense_t","Citizen_g",411,0,"-"
"407","a",19.58,0.665,"y","BankCustomer_p","EducationLevel_c","Ethicity_v",1,"PriorDefault_f","Employed_t",1,"Driverslicense_f","Citizen_g",2000,2,"-"
"247","a",19.67,0.21,"u","BankCustomer_g","EducationLevel_q","Ethicity_h",0.29,"PriorDefault_t","Employed_t",11,"Driverslicense_f","Citizen_g",80,99,"+"
"67","b",25.5,0.375,"u","BankCustomer_g","EducationLevel_m","Ethicity_v",0.25,"PriorDefault_t","Employed_t",3,"Driverslicense_f","Citizen_g",260,15108,"+"
"230","b",25.17,3.5,"u","BankCustomer_g","EducationLevel_cc","Ethicity_v",0.625,"PriorDefault_t","Employed_t",7,"Driverslicense_f","Citizen_g",0,7059,"+"
"203","a",20.75,10.25,"u","BankCustomer_g","EducationLevel_q","Ethicity_v",0.71,"PriorDefault_t","Employed_t",2,"Driverslicense_t","Citizen_g",49,0,"+"
"415","a",22.25,1.25,"y","BankCustomer_p","EducationLevel_ff","Ethicity_ff",3.25,"PriorDefault_f","Employed_f",0,"Driverslicense_f","Citizen_g",280,0,"-"
"534","b",31.83,2.5,"u","BankCustomer_g","EducationLevel_aa","Ethicity_v",7.5,"PriorDefault_t","Employed_f",0,"Driverslicense_t","Citizen_g",523,0,"-"
"646","a",20.83,8.5,"u","BankCustomer_g","EducationLevel_c","Ethicity_v",0.165,"PriorDefault_f","Employed_f",0,"Driverslicense_f","Citizen_g",0,351,"-"
"504","a",28.75,3.75,"u","BankCustomer_g","EducationLevel_c","Ethicity_v",1.085,"PriorDefault_t","Employed_t",1,"Driverslicense_t","Citizen_g",371,0,"+"
"378","b",34.42,1.335,"u","BankCustomer_g","EducationLevel_i","Ethicity_bb",0.125,"PriorDefault_f","Employed_f",0,"Driverslicense_t","Citizen_g",440,4500,"-"
"593","b",34.17,5.25,"u","BankCustomer_g","EducationLevel_w","Ethicity_v",0.085,"PriorDefault_f","Employed_f",0,"Driverslicense_t","Citizen_g",290,6,"+"
"400","b",20.75,5.085,"y","BankCustomer_p","EducationLevel_j","Ethicity_v",0.29,"PriorDefault_f","Employed_f",0,"Driverslicense_f","Citizen_g",140,184,"-"
"29","b",42.08,1.04,"u","BankCustomer_g","EducationLevel_w","Ethicity_v",5,"PriorDefault_t","Employed_t",6,"Driverslicense_t","Citizen_g",500,10000,"+"
